token,index
aaa,0
aass,1
abandon,2
abandoned,3
abandoning,4
abandons,5
abatir,6
aber,7
aberto,8
abilities,9
ability,10
able,11
abomination,12
abord,13
abreviate,14
abrumado,15
absence,16
absolute,17
absolutely,18
absolution,19
absolutly,20
absorbed,21
absorbs,22
absudity,23
absurd,24
absurdly,25
abt,26
abundance,27
abuse,28
abused,29
abuses,30
abusing,31
abusive,32
abysmal,33
abyss,34
ac,35
academic,36
accent,37
accents,38
accept,39
acceptable,40
accepted,41
acces,42
accesarea,43
access,44
accessibility,45
accesul,46
accident,47
accidentally,48
accommodating,49
accompanying,50
accomplished,51
according,52
accordingly,53
account,54
accountability,55
accounting,56
accounts,57
accuracy,58
accurate,59
accurately,60
accuses,61
ace,62
acestei,63
achar,64
achieve,65
achieved,66
achievement,67
achievements,68
achieves,69
acho,70
acima,71
acknowledge,72
acknowledges,73
acostumbr,74
acqurir,75
across,76
act,77
acted,78
acting,79
action,80
actions,81
active,82
actively,83
activitatea,84
activities,85
activity,86
actor,87
actors,88
acts,89
actual,90
actuality,91
actualizacin,92
actualizan,93
actually,94
ad,95
adam,96
adapt,97
aday,98
add,99
addective,100
added,101
addict,102
addicted,103
addicting,104
addiction,105
addictive,106
adding,107
addition,108
additional,109
additionally,110
additions,111
addon,112
addressed,113
adds,114
aden,115
adepte,116
adianta,117
adjust,118
adjusting,119
adjustment,120
admirable,121
admire,122
admit,123
admitir,124
adna,125
adoidado,126
adolescencia,127
adopted,128
adore,129
adored,130
adrenaline,131
ads,132
adult,133
adulthood,134
adults,135
advanced,136
advantage,137
advantages,138
adven,139
adventure,140
adventures,141
advice,142
advise,143
aesthetic,144
aesthetics,145
af,146
affairs,147
affect,148
affected,149
affecting,150
affection,151
affects,152
affiche,153
affiliates,154
afford,155
affordable,156
afk,157
afking,158
afloat,159
afraid,160
afterall,161
afterlife,162
aftermath,163
afterward,164
afterwards,165
againl,166
age,167
aged,168
agency,169
ageplayers,170
ages,171
aggressive,172
aggressively,173
aghanims,174
aghs,175
agian,176
aging,177
ago,178
agonizing,179
agree,180
agreed,181
agreement,182
agreements,183
agression,184
ahead,185
ahhhhhhhh,186
ahora,187
ai,188
aiding,189
aim,190
aimbot,191
aimboting,192
aimbots,193
aiming,194
aimlessly,195
ainda,196
ainsi,197
aint,198
air,199
ak,200
aka,201
akin,202
akira,203
al,204
alabilir,205
alan,206
alanlar,207
alas,208
alcohol,209
ale,210
alegrias,211
algn,212
algorithm,213
algorythm,214
alguna,215
alienware,216
alike,217
alive,218
allchants,219
alley,220
alleys,221
alleyways,222
alliances,223
allies,224
allot,225
allow,226
allowed,227
allowing,228
allows,229
allways,230
ally,231
almolst,232
almost,233
alone,234
along,235
alongside,236
alot,237
alpha,238
alphabet,239
already,240
alreeady,241
alright,242
alt,243
alternative,244
altho,245
although,246
alts,247
alve,248
always,249
alzheimes,250
amalgama,251
amateurs,252
amazed,253
amazing,254
ambiance,255
ambiances,256
ambience,257
ambition,258
ambitious,259
amen,260
american,261
amicable,262
amigo,263
amigos,264
amliorations,265
ammo,266
among,267
amongst,268
amount,269
amounts,270
amour,271
amout,272
analyze,273
anarchocapitalist,274
ancient,275
ancients,276
anddd,277
anger,278
angle,279
angry,280
ani,281
animaes,282
animals,283
animated,284
animation,285
animations,286
anime,287
animgraph,288
anitcheat,289
annelerine,290
anneni,291
annihilated,292
anniversary,293
annonce,294
annoyed,295
annoying,296
anos,297
another,298
answer,299
ant,300
anterior,301
antes,302
anti,303
anticheat,304
anticheats,305
antycheat,306
anxiety,307
anybody,308
anylonger,309
anymore,310
anyone,311
anyones,312
anything,313
anyway,314
anyways,315
anyyone,316
aoe,317
aparecendo,318
apart,319
apartment,320
apesar,321
aphrodite,322
aplenty,323
aplicarea,324
apocalyptic,325
app,326
appalled,327
apparently,328
appartient,329
appeal,330
appealing,331
appear,332
appearance,333
appeared,334
appears,335
appeciate,336
applaud,337
application,338
applied,339
applies,340
apply,341
apporte,342
apportent,343
apprciables,344
apprcier,345
appreance,346
appreciate,347
appreciated,348
appreciation,349
apprehensive,350
approach,351
approaches,352
approaching,353
approche,354
approximately,355
aprender,356
aprenderlo,357
april,358
aprs,359
apsolute,360
apt,361
arasaka,362
arbitration,363
arbitrator,364
arc,365
arcade,366
arcane,367
arch,368
archaic,369
architecture,370
archivexl,371
area,372
areas,373
arena,374
arent,375
arguably,376
arguing,377
arguments,378
arienne,379
arise,380
arizona,381
ark,382
armes,383
armor,384
armory,385
armoury,386
arms,387
army,388
arnt,389
around,390
array,391
arrisco,392
arrival,393
arrive,394
ars,395
art,396
artifical,397
artistes,398
artists,399
artstyle,400
ascends,401
asemenea,402
ashamed,403
asian,404
aside,405
asigurarea,406
ask,407
asked,408
asking,409
asks,410
aspect,411
aspects,412
ass,413
assault,414
asses,415
assist,416
associated,417
assume,418
assumed,419
astonishing,420
asus,421
aswell,422
atemporal,423
atlaest,424
atleast,425
atm,426
atmosphere,427
atmospheric,428
atmosphre,429
atoms,430
atrapante,431
atrocious,432
attach,433
attached,434
attack,435
attacks,436
attain,437
attempt,438
attempted,439
attempts,440
attended,441
attente,442
attention,443
attire,444
attractive,445
attribute,446
attributed,447
attributes,448
atual,449
au,450
auch,451
audience,452
audio,453
audioscape,454
augment,455
augmentations,456
augments,457
augs,458
aujourd,459
aunque,460
aurez,461
aurore,462
authors,463
autism,464
autistic,465
auto,466
autoexcludere,467
autoexcluderea,468
autoexclus,469
automated,470
automobile,471
autonomy,472
aux,473
avail,474
available,475
avec,476
avenge,477
aventures,478
average,479
avid,480
avoid,481
avoided,482
avoiding,483
avrage,484
award,485
awards,486
aware,487
awareness,488
away,489
awe,490
awesome,491
awful,492
awfull,493
awfully,494
awhile,495
awkwardly,496
awp,497
awsome,498
baby,499
back,500
background,501
backseating,502
backstory,503
backward,504
bad,505
badass,506
badly,507
badman,508
bads,509
baggage,510
bahaviour,511
bait,512
baiting,513
baits,514
baixo,515
baixos,516
baked,517
bakery,518
balance,519
balanced,520
balances,521
balancing,522
balcony,523
bald,524
balding,525
baldur,526
balls,527
ban,528
banal,529
band,530
bande,531
baned,532
bang,533
banger,534
bangers,535
banido,536
bankrupt,537
bankrupts,538
banned,539
banning,540
bans,541
banter,542
bar,543
barbie,544
barbies,545
bardziej,546
bare,547
barely,548
barley,549
barrels,550
barry,551
bars,552
base,553
based,554
bases,555
bash,556
basic,557
basically,558
basics,559
basis,560
basta,561
bastante,562
bastarde,563
bat,564
battle,565
battlefield,566
battlefields,567
battles,568
bawssssss,569
bazookasong,570
bc,571
bcles,572
bcz,573
bd,574
bear,575
beat,576
beatdown,577
beating,578
beats,579
beaucoup,580
beaut,581
beautiful,582
beautifully,583
beauty,584
became,585
becca,586
become,587
becomes,588
becoming,589
becuase,590
bed,591
bedrooms,592
beelining,593
beers,594
befora,595
beg,596
began,597
beggineing,598
begging,599
begin,600
beginer,601
begining,602
beginner,603
beginners,604
beginning,605
beginnings,606
begins,607
behave,608
behaves,609
behavior,610
behaviors,611
behaviour,612
behind,613
beings,614
beleidigen,615
belief,616
believable,617
believe,618
believed,619
believes,620
bell,621
belong,622
beloved,623
bem,624
ben,625
benchmark,626
benchmarker,627
benchmarks,628
beneath,629
benefit,630
ber,631
berserk,632
berserker,633
besides,634
best,635
bet,636
beta,637
bethesda,638
better,639
beyond,640
bg,641
bhopping,642
bi,643
bias,644
biased,645
bien,646
bienvenue,647
bienvenues,648
big,649
bigger,650
biggest,651
bike,652
bikes,653
bilions,654
bind,655
biochip,656
biosculpted,657
bioware,658
birth,659
birthmark,660
bit,661
bitcoin,662
bitter,663
bitterness,664
bittersweet,665
bizon,666
bizzare,667
bl,668
black,669
blade,670
bladed,671
bladerunner,672
blades,673
blame,674
blaming,675
blanches,676
bland,677
blaring,678
blast,679
blastin,680
blasts,681
blatant,682
blatantly,683
blayt,684
blaze,685
blazes,686
blazing,687
bleeding,688
bleiben,689
blend,690
blending,691
blends,692
blinded,693
blindfolded,694
blink,695
blinking,696
blizzard,697
bloat,698
bloated,699
blocked,700
blockers,701
bloke,702
blood,703
bloquants,704
bloquea,705
blowing,706
blowjob,707
blown,708
blows,709
blue,710
blur,711
blurred,712
blya,713
blyat,714
blyattt,715
bnficient,716
bo,717
boa,718
board,719
boarding,720
boaster,721
boasts,722
boat,723
bodily,724
body,725
boi,726
boil,727
bold,728
bollock,729
bom,730
bomb,731
bombdefusal,732
bombed,733
bombing,734
bombs,735
bone,736
boneco,737
bonecos,738
bonobos,739
bonus,740
bonuses,741
books,742
boom,743
boost,744
boosted,745
boosting,746
boot,747
booted,748
booting,749
boots,750
borderlands,751
borderline,752
borders,753
bored,754
boredom,755
boring,756
borked,757
born,758
borned,759
borring,760
boss,761
bossclart,762
bot,763
bote,764
bother,765
bothered,766
botlane,767
botou,768
bots,769
botters,770
botting,771
bottle,772
bottom,773
bought,774
boulot,775
bounced,776
bouncing,777
bound,778
bourrin,779
bout,780
box,781
boxes,782
boy,783
boyfriend,784
boys,785
bracket,786
brain,787
braincell,788
braindances,789
braindead,790
brainer,791
brainless,792
brainrot,793
brains,794
brainwashing,795
braker,796
braking,797
branch,798
branching,799
brand,800
bravo,801
brawls,802
brazenly,803
breaching,804
bread,805
break,806
breakdown,807
breaking,808
breaks,809
breakup,810
breath,811
breathed,812
breathing,813
breathtaking,814
breed,815
brendan,816
brick,817
bricking,818
bright,819
brighter,820
brilliant,821
brilliantly,822
bring,823
bringing,824
brings,825
brink,826
british,827
britonians,828
bro,829
broad,830
broke,831
broken,832
broodmother,833
brooootal,834
bros,835
brother,836
brought,837
browser,838
brutal,839
brutally,840
bs,841
bsico,842
btw,843
bucks,844
buddies,845
budget,846
buen,847
buenos,848
buffsthey,849
bug,850
bugged,851
bugging,852
buggy,853
buginess,854
bugs,855
build,856
building,857
buildings,858
builds,859
built,860
bullet,861
bullets,862
bullied,863
bullllllllllshet,864
bullshet,865
bully,866
bumps,867
bunch,868
bunnyhop,869
burden,870
burn,871
burst,872
busca,873
business,874
businesses,875
busted,876
busy,877
butr,878
butt,879
butter,880
butterflies,881
button,882
buttons,883
buy,884
buyers,885
buying,886
buys,887
buzzing,888
bye,889
cable,890
cache,891
cada,892
cae,893
cage,894
cake,895
cakiem,896
calculate,897
calculated,898
calculation,899
caliburn,900
california,901
call,902
called,903
calles,904
calling,905
callouts,906
calls,907
calm,908
calma,909
camaraderie,910
came,911
camera,912
cameras,913
campaign,914
camps,915
camras,916
cancel,917
cancer,918
cant,919
canteen,920
canyon,921
cap,922
capability,923
capable,924
capacits,925
capitalism,926
capitalismo,927
capitalist,928
capitalistic,929
captivates,930
captivating,931
captures,932
car,933
card,934
cards,935
care,936
cared,937
careful,938
careless,939
cares,940
caretaking,941
caring,942
carnage,943
carpal,944
carried,945
carries,946
carry,947
carrying,948
cars,949
cartoon,950
cartridges,951
carves,952
case,953
cases,954
caseurbating,955
casino,956
casinos,957
cast,958
casting,959
casual,960
casually,961
casuals,962
cat,963
catch,964
catchy,965
cater,966
cathartic,967
catholic,968
caught,969
cause,970
causing,971
cautionary,972
caveman,973
cbt,974
cc,975
cca,976
cccp,977
ccit,978
cd,979
cdpr,980
cdprojectred,981
cdred,982
ce,983
cease,984
ceiling,985
cel,986
cela,987
cells,988
cent,989
center,990
centered,991
central,992
centralized,993
cents,994
centuries,995
century,996
ceo,997
cerere,998
cereri,999
cererii,1000
certain,1001
certainly,1002
certian,1003
cesspool,1004
cet,1005
cette,1006
chacie,1007
chad,1008
chair,1009
challanging,1010
challenge,1011
challenges,1012
challenging,1013
chamber,1014
champ,1015
champion,1016
champions,1017
championship,1018
chance,1019
chances,1020
change,1021
changed,1022
changer,1023
changes,1024
changing,1025
chaos,1026
chaotic,1027
charachters,1028
character,1029
characterisation,1030
characters,1031
charaters,1032
charecter,1033
charge,1034
charged,1035
charm,1036
chars,1037
chase,1038
chasing,1039
chat,1040
chaussures,1041
cheaat,1042
cheap,1043
cheat,1044
cheated,1045
cheater,1046
cheaters,1047
cheates,1048
cheating,1049
cheats,1050
check,1051
checking,1052
checkpoint,1053
checks,1054
cheeks,1055
cheers,1056
cheese,1057
chef,1058
chegou,1059
cherry,1060
chess,1061
chests,1062
chicken,1063
child,1064
childhood,1065
childish,1066
children,1067
chiliric,1068
chill,1069
china,1070
chinese,1071
chip,1072
choese,1073
choeses,1074
choice,1075
choices,1076
choix,1077
choke,1078
choom,1079
chooms,1080
choose,1081
choosing,1082
chop,1083
choppy,1084
chosen,1085
choux,1086
chrome,1087
chromedan,1088
chud,1089
ciepy,1090
cigarette,1091
cigarettes,1092
cinema,1093
cinematic,1094
cinta,1095
circle,1096
circles,1097
circuit,1098
circuits,1099
circulation,1100
circumstances,1101
cite,1102
cities,1103
city,1104
cityespecially,1105
civilisation,1106
civilization,1107
ck,1108
cking,1109
claims,1110
clan,1111
clash,1112
class,1113
classic,1114
classical,1115
classics,1116
classified,1117
clause,1118
clauses,1119
clean,1120
cleaner,1121
cleanest,1122
cleanse,1123
clear,1124
clearing,1125
clearly,1126
cliched,1127
click,1128
clicked,1129
clicks,1130
clido,1131
client,1132
cliff,1133
cliffs,1134
climax,1135
climb,1136
climbing,1137
clinical,1138
clinically,1139
clinics,1140
clip,1141
clique,1142
cliques,1143
clocked,1144
close,1145
closely,1146
closer,1147
closes,1148
closing,1149
clothing,1150
cloud,1151
clown,1152
club,1153
clubs,1154
clueless,1155
clunky,1156
cluster,1157
clutch,1158
clutching,1159
cluttered,1160
cnt,1161
co,1162
coach,1163
coaching,1164
coaster,1165
coat,1166
cobblestone,1167
cocaine,1168
cocktail,1169
cod,1170
codas,1171
code,1172
coders,1173
codeware,1174
codziennie,1175
coexists,1176
coffee,1177
cognitive,1178
coherent,1179
cohesion,1180
cohrence,1181
coin,1182
coins,1183
coisa,1184
cold,1185
collect,1186
collectibles,1187
collections,1188
collective,1189
collector,1190
college,1191
colloquialisms,1192
color,1193
colored,1194
colores,1195
colors,1196
colours,1197
com,1198
combat,1199
combats,1200
combinaisons,1201
combine,1202
combined,1203
combo,1204
comdor,1205
come,1206
comeback,1207
comebacks,1208
comeei,1209
comers,1210
comes,1211
comfort,1212
comfortable,1213
comfortably,1214
comforting,1215
coming,1216
comm,1217
commands,1218
commended,1219
commends,1220
comment,1221
commenting,1222
comments,1223
commit,1224
commitment,1225
common,1226
comms,1227
commuinty,1228
communcation,1229
communicate,1230
communicating,1231
communication,1232
communications,1233
communicty,1234
communism,1235
communists,1236
communities,1237
community,1238
como,1239
comp,1240
companies,1241
companions,1242
company,1243
comparable,1244
compare,1245
compared,1246
comparing,1247
comparison,1248
comparisons,1249
comparndolo,1250
compeitive,1251
compelled,1252
compelling,1253
compensar,1254
compensation,1255
compete,1256
competetive,1257
competition,1258
competitiva,1259
competitive,1260
competitively,1261
competitivo,1262
competitors,1263
compile,1264
complain,1265
complained,1266
complaining,1267
complains,1268
complaint,1269
complaints,1270
complements,1271
complete,1272
completed,1273
completely,1274
completes,1275
completing,1276
completion,1277
completionist,1278
complets,1279
complex,1280
complexer,1281
complexity,1282
complicado,1283
complicated,1284
compliment,1285
complimented,1286
comply,1287
components,1288
compre,1289
comprehend,1290
comprehensive,1291
compris,1292
compromise,1293
compromised,1294
comptences,1295
computer,1296
computers,1297
computing,1298
comrade,1299
comrades,1300
comunication,1301
comunity,1302
comunnication,1303
con,1304
concede,1305
concept,1306
concepts,1307
conceptualization,1308
concern,1309
concerned,1310
concerning,1311
conclusion,1312
conclusions,1313
condition,1314
conditions,1315
conectarte,1316
conexe,1317
confess,1318
confidence,1319
confident,1320
confidently,1321
confirmai,1322
confivel,1323
conflict,1324
conflicts,1325
confuse,1326
confused,1327
confusing,1328
confusion,1329
congratulate,1330
connaisseur,1331
connect,1332
connection,1333
connects,1334
cons,1335
consciousness,1336
consecutive,1337
consequence,1338
consequences,1339
consequential,1340
conserve,1341
considera,1342
considerate,1343
considered,1344
considering,1345
consistencymake,1346
consistent,1347
consistently,1348
console,1349
consoles,1350
conspiracies,1351
constant,1352
constantly,1353
constater,1354
constituer,1355
consumables,1356
consume,1357
consumer,1358
consumerism,1359
consumers,1360
consuming,1361
cont,1362
contact,1363
contacted,1364
contacts,1365
contagieuse,1366
contain,1367
contained,1368
container,1369
contains,1370
contemporary,1371
content,1372
contents,1373
conter,1374
context,1375
continiue,1376
continuam,1377
continuar,1378
continuation,1379
continue,1380
continues,1381
continuing,1382
continuously,1383
contract,1384
contributes,1385
control,1386
controlled,1387
controlling,1388
controls,1389
controversial,1390
conversations,1391
conversing,1392
convinced,1393
convincing,1394
convoluted,1395
convulsing,1396
cook,1397
cooked,1398
cookie,1399
cooking,1400
cool,1401
cooldown,1402
cooldowns,1403
cooldwon,1404
coolest,1405
coop,1406
coordinated,1407
coordination,1408
cope,1409
copied,1410
cops,1411
copy,1412
cordiality,1413
core,1414
cores,1415
corkscrew,1416
corner,1417
corners,1418
corpo,1419
corporate,1420
corporation,1421
corporations,1422
correctly,1423
corridorr,1424
corrupted,1425
cortisol,1426
cosmetic,1427
cosmetics,1428
cost,1429
costs,1430
costumization,1431
couches,1432
could,1433
couldnt,1434
couldve,1435
couler,1436
couloir,1437
counsel,1438
count,1439
counted,1440
counter,1441
counterpicked,1442
counters,1443
counterstike,1444
counterstrike,1445
counting,1446
countless,1447
countries,1448
country,1449
countryside,1450
counts,1451
couple,1452
coupled,1453
courier,1454
course,1455
court,1456
cover,1457
covered,1458
covering,1459
coz,1460
cp,1461
cpdr,1462
cpu,1463
cpus,1464
crab,1465
crack,1466
craft,1467
crafted,1468
crafting,1469
cramped,1470
cranks,1471
crannies,1472
cranny,1473
cranuim,1474
crap,1475
crappy,1476
crased,1477
crash,1478
crashed,1479
crashes,1480
crashout,1481
crates,1482
craving,1483
crazy,1484
crazzzzzzzzzzzzy,1485
create,1486
created,1487
creates,1488
creating,1489
creation,1490
creative,1491
creatively,1492
creator,1493
creators,1494
creatures,1495
cred,1496
credibilidade,1497
credit,1498
credits,1499
creeps,1500
crew,1501
cried,1502
crime,1503
crimes,1504
criminal,1505
criminals,1506
crimson,1507
crippling,1508
crisis,1509
crisp,1510
crispy,1511
critic,1512
criticism,1513
criticized,1514
critique,1515
critiquing,1516
criture,1517
cross,1518
crossed,1519
crosshair,1520
crossplay,1521
crouch,1522
crowd,1523
crucial,1524
crude,1525
cruel,1526
cruelest,1527
cruising,1528
crusader,1529
crushed,1530
crushing,1531
cry,1532
crybabby,1533
crybabys,1534
crying,1535
crypto,1536
crystal,1537
cs,1538
csgo,1539
css,1540
ct,1541
cu,1542
cualquier,1543
cuando,1544
cubur,1545
cuck,1546
cucked,1547
cuisine,1548
cukchair,1549
culpa,1550
cultural,1551
culture,1552
cumgargling,1553
cup,1554
curbing,1555
cure,1556
cured,1557
currency,1558
current,1559
currently,1560
curse,1561
curses,1562
cursing,1563
curve,1564
curvelike,1565
cus,1566
cushion,1567
custom,1568
customer,1569
customisation,1570
customise,1571
customizability,1572
customizable,1573
customization,1574
customizations,1575
customize,1576
cut,1577
cute,1578
cuts,1579
cutscene,1580
cutscenes,1581
cutter,1582
cutting,1583
cuz,1584
cy,1585
cybenvare,1586
cyber,1587
cyberbug,1588
cyberdeck,1589
cyberfueled,1590
cybernation,1591
cybernetic,1592
cyberntiques,1593
cyberpsycho,1594
cyberpsychos,1595
cyberpsychosis,1596
cyberpunk,1597
cyberpunks,1598
cyberspace,1599
cyberware,1600
cybewrpunk,1601
cycle,1602
cyclone,1603
cyka,1604
cynical,1605
czacie,1606
czasem,1607
czy,1608
czym,1609
da,1610
dad,1611
daddy,1612
daggerfall,1613
dagon,1614
daha,1615
daily,1616
daje,1617
damage,1618
damaged,1619
damaging,1620
damm,1621
damn,1622
dan,1623
dance,1624
danger,1625
dangerous,1626
dangling,1627
dano,1628
dans,1629
dared,1630
dark,1631
darkest,1632
darkly,1633
dash,1634
dashes,1635
dashing,1636
data,1637
date,1638
dated,1639
daters,1640
dating,1641
daughter,1642
daunting,1643
dave,1644
david,1645
day,1646
days,1647
dayumm,1648
dbut,1649
dbutant,1650
dc,1651
dcor,1652
dcouvrir,1653
ddr,1654
de,1655
dead,1656
deadend,1657
deadlock,1658
deaf,1659
deal,1660
dealing,1661
deallevei,1662
deals,1663
dealt,1664
dear,1665
death,1666
deathmatch,1667
deathstroke,1668
debated,1669
debating,1670
debuff,1671
decade,1672
decades,1673
december,1674
decency,1675
decent,1676
decently,1677
decide,1678
decided,1679
decides,1680
deciding,1681
decir,1682
decision,1683
decisions,1684
deck,1685
deckard,1686
declining,1687
decorative,1688
decoy,1689
decrease,1690
decreased,1691
dedicated,1692
dedication,1693
deducted,1694
deem,1695
deep,1696
deeper,1697
deepest,1698
deeply,1699
deepthroating,1700
def,1701
default,1702
defeats,1703
defender,1704
defense,1705
deffinetley,1706
defiance,1707
definetely,1708
definetly,1709
defining,1710
definitely,1711
definition,1712
deflect,1713
defo,1714
defuse,1715
degeneracy,1716
degenerate,1717
degenerates,1718
degenerating,1719
degree,1720
degrees,1721
delamain,1722
delay,1723
delayed,1724
delays,1725
delete,1726
deleted,1727
deletes,1728
deleting,1729
deliberate,1730
deliberately,1731
delicious,1732
delight,1733
deliver,1734
delivered,1735
delivers,1736
delivery,1737
dell,1738
delusional,1739
demand,1740
demanding,1741
demands,1742
demigod,1743
demographic,1744
demolishing,1745
demolition,1746
den,1747
dengan,1748
denncias,1749
dense,1750
deny,1751
denying,1752
department,1753
departure,1754
depend,1755
depending,1756
depends,1757
depicts,1758
depressed,1759
depressing,1760
depression,1761
deprived,1762
deprives,1763
depth,1764
derivative,1765
derive,1766
des,1767
desafortunadamente,1768
desaprovar,1769
describe,1770
described,1771
description,1772
descriptions,1773
desde,1774
desenvolvedores,1775
desert,1776
deserve,1777
deserved,1778
deserves,1779
design,1780
designed,1781
designing,1782
designs,1783
desing,1784
desinged,1785
desire,1786
desires,1787
desperado,1788
desperate,1789
desperately,1790
despite,1791
destacar,1792
destaque,1793
destinations,1794
destroy,1795
destroyed,1796
destroying,1797
destroys,1798
destruction,1799
destructive,1800
detail,1801
detailed,1802
details,1803
detect,1804
detection,1805
detective,1806
determine,1807
determined,1808
detes,1809
detroit,1810
deus,1811
deux,1812
dev,1813
devagar,1814
develop,1815
developed,1816
developer,1817
developers,1818
development,1819
developments,1820
device,1821
devil,1822
devised,1823
devs,1824
diagnosed,1825
diagnosis,1826
dialog,1827
dialogue,1828
dialogues,1829
dialouge,1830
diary,1831
dice,1832
dictates,1833
didnt,1834
die,1835
died,1836
diegetic,1837
dies,1838
diese,1839
diesem,1840
dieses,1841
difcil,1842
diferent,1843
diferentes,1844
difference,1845
differences,1846
different,1847
differently,1848
differents,1849
differentt,1850
difficult,1851
difficulties,1852
difficulty,1853
diffrent,1854
diffrentes,1855
diffrents,1856
diffusion,1857
dificil,1858
digging,1859
digital,1860
digitized,1861
dilating,1862
dilemmas,1863
dimainkan,1864
dimensions,1865
dimentional,1866
dink,1867
dinosaur,1868
dips,1869
direct,1870
direction,1871
directions,1872
directly,1873
dirty,1874
dis,1875
disability,1876
disable,1877
disabled,1878
disapointed,1879
disapoited,1880
disappear,1881
disappoint,1882
disappointed,1883
disappointing,1884
disappointment,1885
disappoints,1886
disarms,1887
disaster,1888
disasterous,1889
disastrous,1890
disciplinarians,1891
discipline,1892
disconnect,1893
disconnected,1894
disconnecting,1895
disconnection,1896
disconnects,1897
discord,1898
discount,1899
discounted,1900
discourage,1901
discover,1902
discovered,1903
discovery,1904
discusses,1905
discussion,1906
disgrace,1907
disgraceful,1908
disguise,1909
disguised,1910
disgusted,1911
disgusting,1912
dishonored,1913
disk,1914
dislike,1915
disliked,1916
dislikes,1917
disliking,1918
dismiss,1919
disney,1920
disorder,1921
disorders,1922
disorganized,1923
dispenses,1924
display,1925
displayed,1926
displeasing,1927
disrupt,1928
disrupting,1929
dissapearing,1930
disservice,1931
dissipates,1932
dissolving,1933
dissonance,1934
dissuaded,1935
distance,1936
distances,1937
distasteful,1938
distinct,1939
distinguishable,1940
distinto,1941
distopian,1942
distracted,1943
distractions,1944
districts,1945
distrupting,1946
disturbing,1947
dive,1948
diverse,1949
diversity,1950
divertido,1951
divided,1952
divierte,1953
divine,1954
diving,1955
divinity,1956
dizzy,1957
dla,1958
dlatego,1959
dlc,1960
dls,1961
dlss,1962
dm,1963
dms,1964
dnia,1965
dnouement,1966
dobr,1967
dobro,1968
doctor,1969
documented,1970
documents,1971
dod,1972
dodge,1973
dodger,1974
doese,1975
doesnt,1976
dog,1977
dogpiles,1978
dogs,1979
dogtown,1980
doin,1981
dokud,1982
dolby,1983
dollar,1984
dollars,1985
dom,1986
domain,1987
dominar,1988
dominate,1989
done,1990
donejust,1991
donkey,1992
dont,1993
doom,1994
doomed,1995
doomplaying,1996
door,1997
dopamine,1998
dope,1999
dorina,2000
dormant,2001
dorph,2002
dos,2003
dose,2004
dot,2005
dota,2006
dotas,2007
dou,2008
double,2009
doubled,2010
doubt,2011
dowload,2012
downfall,2013
downgrade,2014
downgrades,2015
downhill,2016
download,2017
downloaded,2018
downloading,2019
downright,2020
downs,2021
downside,2022
downsides,2023
downstairs,2024
downvotes,2025
dozen,2026
dozens,2027
draft,2028
drafting,2029
drag,2030
dragging,2031
drain,2032
drained,2033
draining,2034
drains,2035
drama,2036
dramatic,2037
dramatically,2038
drastically,2039
drauf,2040
draw,2041
drawback,2042
drawer,2043
drawn,2044
draws,2045
dreadful,2046
dream,2047
dreamhouse,2048
dreams,2049
dredd,2050
drenched,2051
dries,2052
drinks,2053
dripping,2054
drive,2055
driven,2056
drivers,2057
drives,2058
drivin,2059
driving,2060
drogen,2061
drones,2062
drooling,2063
drop,2064
dropped,2065
drops,2066
droul,2067
drove,2068
drowning,2069
drugs,2070
druid,2071
dry,2072
ds,2073
dtail,2074
du,2075
dublagem,2076
dude,2077
dudes,2078
due,2079
duej,2080
duel,2081
dull,2082
dumb,2083
dumbahh,2084
dumbest,2085
dumneavoastr,2086
dump,2087
dumped,2088
dungeon,2089
durata,2090
durations,2091
dust,2092
duty,2093
dye,2094
dying,2095
dymu,2096
dynamic,2097
dynamically,2098
dynamics,2099
dynamicznie,2100
dynamism,2101
dynamite,2102
dysfunctional,2103
dystopia,2104
dystopian,2105
dzi,2106
eachother,2107
eagerly,2108
eagre,2109
eaither,2110
ear,2111
eargasm,2112
earlier,2113
early,2114
earn,2115
earned,2116
earning,2117
earth,2118
earthquake,2119
easier,2120
easiest,2121
easiily,2122
easily,2123
easter,2124
easy,2125
eat,2126
eaten,2127
eater,2128
eaters,2129
eats,2130
ebaniyrot,2131
echilibrului,2132
eco,2133
economical,2134
economy,2135
eddies,2136
edge,2137
edgerunner,2138
edgerunners,2139
edgerunnes,2140
edges,2141
edit,2142
edition,2143
educate,2144
education,2145
educational,2146
effect,2147
effectiveness,2148
effects,2149
effectus,2150
efficacement,2151
effort,2152
egg,2153
eggs,2154
ego,2155
egregious,2156
eight,2157
eigners,2158
einem,2159
einen,2160
einfach,2161
eiter,2162
either,2163
eke,2164
el,2165
elaborate,2166
elated,2167
elba,2168
elder,2169
ele,2170
elegance,2171
element,2172
elements,2173
eles,2174
elevate,2175
elevator,2176
elevators,2177
elf,2178
eliminated,2179
elite,2180
elle,2181
ellos,2182
elo,2183
elon,2184
elos,2185
els,2186
else,2187
elsewhere,2188
eludes,2189
em,2190
embargo,2191
embarrassing,2192
embers,2193
embrace,2194
emergent,2195
emersive,2196
emmersive,2197
emoes,2198
emotional,2199
emotionally,2200
emotions,2201
empanada,2202
empathy,2203
empcher,2204
empece,2205
emphasis,2206
emphasizes,2207
empires,2208
employee,2209
employees,2210
employers,2211
empresa,2212
empty,2213
emptying,2214
en,2215
enable,2216
enabled,2217
enact,2218
encanta,2219
encantara,2220
encontramos,2221
encore,2222
encounter,2223
encountered,2224
encountering,2225
encounters,2226
encourage,2227
encouragement,2228
encourages,2229
encouraging,2230
encre,2231
end,2232
ended,2233
endgame,2234
ending,2235
endings,2236
endless,2237
ends,2238
endure,2239
enemies,2240
enemigo,2241
enemy,2242
energy,2243
enfin,2244
enflamm,2245
engage,2246
engaged,2247
engagement,2248
engagements,2249
engaging,2250
engessadas,2251
engine,2252
engines,2253
england,2254
english,2255
enhanced,2256
enhancements,2257
enhances,2258
enjoy,2259
enjoyable,2260
enjoyed,2261
enjoyers,2262
enjoying,2263
enjoyment,2264
enjoys,2265
enlarges,2266
enlightened,2267
ennemis,2268
enormous,2269
enough,2270
enquanto,2271
enraging,2272
enriched,2273
enriches,2274
enrichir,2275
enshrined,2276
ensuite,2277
ensure,2278
ensures,2279
enter,2280
entering,2281
entertained,2282
entertaining,2283
entertainment,2284
enthralling,2285
entire,2286
entirely,2287
entirety,2288
entitled,2289
entitlement,2290
entre,2291
entry,2292
envelope,2293
environment,2294
environmental,2295
environments,2296
envolvendo,2297
envy,2298
epic,2299
epicgames,2300
epidemic,2301
epitome,2302
equal,2303
equally,2304
equates,2305
equip,2306
equipment,2307
equipo,2308
equivalent,2309
era,2310
erlebt,2311
erosion,2312
error,2313
es,2314
escape,2315
escaped,2316
escapism,2317
escogen,2318
esconder,2319
esea,2320
especficos,2321
especially,2322
esports,2323
esque,2324
essay,2325
essence,2326
essential,2327
essentially,2328
est,2329
esta,2330
established,2331
estar,2332
este,2333
estoy,2334
estragam,2335
estratgias,2336
estreike,2337
estressante,2338
et,2339
etapa,2340
etc,2341
etched,2342
eternal,2343
eternity,2344
ethical,2345
eu,2346
euch,2347
euere,2348
eul,2349
eur,2350
eure,2351
euro,2352
europe,2353
european,2354
euros,2355
eurosource,2356
even,2357
evening,2358
event,2359
events,2360
eventually,2361
ever,2362
every,2363
everybody,2364
everyday,2365
everygame,2366
everymatch,2367
everyone,2368
everyones,2369
everything,2370
everythng,2371
everytime,2372
everywere,2373
everywhere,2374
evidence,2375
evident,2376
evil,2377
evoluiu,2378
evolution,2379
evolve,2380
evolved,2381
evolves,2382
evolving,2383
evrything,2384
ex,2385
exact,2386
exactly,2387
exaggeration,2388
exam,2389
examination,2390
example,2391
exceedingly,2392
excelente,2393
excellent,2394
excellentes,2395
excels,2396
except,2397
exception,2398
exceptional,2399
exceptionally,2400
exceptions,2401
exchange,2402
excited,2403
exciting,2404
excluded,2405
exclusive,2406
exclusively,2407
excuse,2408
excuses,2409
exec,2410
execute,2411
executed,2412
executive,2413
exemplo,2414
exhausting,2415
exist,2416
existed,2417
existence,2418
existent,2419
existential,2420
existing,2421
exists,2422
exit,2423
exotic,2424
expanding,2425
expansion,2426
expansions,2427
expansive,2428
expect,2429
expectation,2430
expectations,2431
expected,2432
expecting,2433
expensive,2434
experience,2435
experienced,2436
experiences,2437
experiencia,2438
experiencing,2439
experiment,2440
experimenting,2441
experincia,2442
experirence,2443
experts,2444
expirianced,2445
explain,2446
explained,2447
explicit,2448
explicitly,2449
explode,2450
exploded,2451
exploit,2452
exploited,2453
exploits,2454
exploration,2455
explore,2456
explored,2457
explores,2458
exploring,2459
explosifs,2460
explosion,2461
explosions,2462
explosive,2463
expounds,2464
express,2465
expression,2466
expressive,2467
exquisite,2468
ext,2469
extends,2470
extension,2471
extensive,2472
extent,2473
external,2474
extnl,2475
extra,2476
extraordinarily,2477
extreme,2478
extremely,2479
extrememly,2480
extremes,2481
extremly,2482
extremum,2483
extrmement,2484
ey,2485
eye,2486
eyes,2487
ez,2488
fabulous,2489
face,2490
faced,2491
faceit,2492
faces,2493
facet,2494
facets,2495
facial,2496
facilities,2497
facing,2498
fact,2499
factor,2500
factory,2501
fade,2502
fading,2503
fail,2504
failed,2505
fails,2506
failure,2507
failures,2508
fair,2509
faire,2510
fairly,2511
fairness,2512
fairy,2513
fait,2514
faites,2515
faith,2516
faithful,2517
fake,2518
faking,2519
falhando,2520
falhas,2521
fall,2522
fallen,2523
falling,2524
fallout,2525
falls,2526
falsas,2527
falta,2528
famas,2529
familiar,2530
familiarity,2531
families,2532
family,2533
famously,2534
fan,2535
fanbase,2536
fanbois,2537
fanboys,2538
fancy,2539
fans,2540
fantastic,2541
fantastique,2542
fantasy,2543
fantom,2544
far,2545
fared,2546
farm,2547
farmed,2548
farmers,2549
farming,2550
farms,2551
fashioned,2552
fast,2553
faster,2554
fastest,2555
fat,2556
fatal,2557
fathom,2558
fault,2559
fav,2560
favor,2561
favorite,2562
favourite,2563
fazem,2564
fb,2565
fckin,2566
fcking,2567
fear,2568
feast,2569
feature,2570
features,2571
featuring,2572
feds,2573
fee,2574
feed,2575
feedback,2576
feeded,2577
feeding,2578
feel,2579
feeling,2580
feelings,2581
feels,2582
feet,2583
fell,2584
felt,2585
female,2586
femboy,2587
fence,2588
fest,2589
fetch,2590
fetching,2591
fetishists,2592
fewer,2593
fi,2594
fiasco,2595
fiber,2596
ficar,2597
fick,2598
fickt,2599
fiction,2600
fictional,2601
fictive,2602
fidelity,2603
field,2604
fields,2605
fifteen,2606
fight,2607
fighthing,2608
fighting,2609
fights,2610
figure,2611
figured,2612
figuring,2613
fil,2614
file,2615
files,2616
fill,2617
filled,2618
filler,2619
fillertheyre,2620
fills,2621
film,2622
films,2623
filter,2624
filth,2625
filthy,2626
fim,2627
final,2628
finally,2629
financial,2630
financiar,2631
find,2632
finding,2633
finds,2634
fine,2635
finger,2636
fingers,2637
finish,2638
finished,2639
finishing,2640
finitions,2641
finn,2642
finna,2643
fins,2644
fire,2645
fired,2646
firefight,2647
firepower,2648
firing,2649
firmly,2650
first,2651
firstborn,2652
firstly,2653
firsts,2654
fists,2655
fit,2656
fits,2657
five,2658
fix,2659
fixed,2660
fixer,2661
fixers,2662
fixes,2663
fixing,2664
fizyka,2665
fizzle,2666
fk,2667
fking,2668
fks,2669
flag,2670
flagged,2671
flame,2672
flames,2673
flanking,2674
flash,2675
flashbangs,2676
flashed,2677
flashing,2678
flashlight,2679
flashy,2680
flat,2681
flatline,2682
flatlines,2683
flattened,2684
flavortext,2685
flaw,2686
flawed,2687
flaws,2688
fled,2689
fledged,2690
fleshed,2691
fleshing,2692
flexible,2693
flies,2694
flip,2695
flipping,2696
flips,2697
fllt,2698
floats,2699
floaty,2700
flood,2701
floor,2702
flop,2703
floppy,2704
flow,2705
flows,2706
fluff,2707
fluid,2708
flung,2709
fly,2710
flying,2711
flys,2712
focus,2713
focused,2714
focusing,2715
fog,2716
foggy,2717
folklore,2718
follow,2719
followed,2720
following,2721
follows,2722
font,2723
food,2724
foolish,2725
fools,2726
foot,2727
footsteps,2728
force,2729
forced,2730
forcefully,2731
forces,2732
forcing,2733
forehead,2734
foreign,2735
forever,2736
forfeit,2737
forged,2738
forget,2739
forgiveness,2740
forgiving,2741
forgot,2742
forgotten,2743
form,2744
formality,2745
former,2746
formin,2747
formula,2748
forsaken,2749
forth,2750
fortitude,2751
fortnite,2752
fortress,2753
fortunately,2754
fortune,2755
forums,2756
forward,2757
forwardare,2758
foster,2759
foul,2760
found,2761
four,2762
fourth,2763
fov,2764
fp,2765
fps,2766
fractured,2767
frag,2768
fragach,2769
frags,2770
fram,2771
frame,2772
framerate,2773
frames,2774
framework,2775
franchise,2776
franchises,2777
frapp,2778
fraud,2779
freak,2780
freaking,2781
freaks,2782
free,2783
freedom,2784
freeway,2785
freeze,2786
frente,2787
frequent,2788
frequently,2789
frequncia,2790
fresh,2791
fret,2792
frfr,2793
frickin,2794
fried,2795
friednly,2796
friedrich,2797
friend,2798
friendlier,2799
friendlist,2800
friendly,2801
friends,2802
friendswe,2803
friggin,2804
frighteningly,2805
fringe,2806
frog,2807
fromsoftware,2808
front,2809
fronts,2810
frozen,2811
frustation,2812
frustrating,2813
frustration,2814
fry,2815
frying,2816
fsr,2817
fu,2818
fueled,2819
fui,2820
full,2821
fuller,2822
fullest,2823
fully,2824
fun,2825
function,2826
functions,2827
fund,2828
fundamental,2829
fundamentally,2830
funerals,2831
funnel,2832
funnier,2833
funny,2834
furries,2835
furthermore,2836
furturistic,2837
fusillades,2838
future,2839
futuristic,2840
gabe,2841
gaben,2842
gabin,2843
gachas,2844
gae,2845
gain,2846
gained,2847
gaining,2848
gaking,2849
galaxy,2850
galement,2851
galera,2852
galore,2853
gambing,2854
gamble,2855
gamblers,2856
gambling,2857
gamebreaking,2858
gamebryo,2859
gameit,2860
gameits,2861
gamemodes,2862
gamepass,2863
gameplay,2864
gamer,2865
gamers,2866
gametime,2867
gameyoure,2868
gaming,2869
gamings,2870
gang,2871
gangers,2872
gangs,2873
ganking,2874
gap,2875
garbage,2876
garnie,2877
gasmr,2878
gate,2879
gato,2880
gave,2881
gay,2882
gaylorant,2883
gaze,2884
gazes,2885
gb,2886
gbs,2887
gbszego,2888
gc,2889
gdpr,2890
gear,2891
gears,2892
gem,2893
gen,2894
gender,2895
genders,2896
general,2897
generalist,2898
generally,2899
generate,2900
generation,2901
generations,2902
generic,2903
genghis,2904
genial,2905
genitals,2906
genius,2907
genre,2908
gentle,2909
genuanly,2910
genuine,2911
genuinelly,2912
genuinely,2913
george,2914
germany,2915
gerstatt,2916
geting,2917
getiremedin,2918
gets,2919
getting,2920
gettings,2921
gf,2922
gg,2923
ggwp,2924
ghost,2925
ghosts,2926
ghoul,2927
giant,2928
gibson,2929
giddy,2930
gift,2931
gifted,2932
gig,2933
giga,2934
giggles,2935
gigs,2936
girder,2937
girl,2938
git,2939
give,2940
giveaway,2941
giveme,2942
given,2943
gives,2944
giving,2945
gl,2946
glad,2947
gladly,2948
glamorous,2949
glance,2950
glass,2951
glasses,2952
glhf,2953
glide,2954
glitch,2955
glitches,2956
glitchess,2957
glitching,2958
glittered,2959
global,2960
glocks,2961
glory,2962
gloves,2963
glows,2964
gnero,2965
go,2966
goal,2967
goated,2968
god,2969
godawful,2970
gods,2971
goes,2972
gog,2973
going,2974
gold,2975
golden,2976
gon,2977
gona,2978
gone,2979
gonk,2980
gonks,2981
good,2982
goodbye,2983
goodest,2984
goodie,2985
goods,2986
goofy,2987
google,2988
goon,2989
gooo,2990
goood,2991
goooood,2992
gore,2993
gorgeous,2994
gorilla,2995
gos,2996
gotowy,2997
gotten,2998
government,2999
governments,3000
govertment,3001
gpu,3002
gpus,3003
gr,3004
gra,3005
grab,3006
grabbing,3007
grade,3008
graduate,3009
grafika,3010
grain,3011
grand,3012
grandchildren,3013
grande,3014
grandma,3015
grandmaster,3016
grands,3017
grant,3018
granted,3019
granting,3020
grape,3021
grapevine,3022
grapfix,3023
graphic,3024
graphical,3025
graphically,3026
graphics,3027
graphique,3028
grappling,3029
gras,3030
grasp,3031
grass,3032
grate,3033
grateful,3034
gratifying,3035
grating,3036
gratuitous,3037
grave,3038
grce,3039
great,3040
greater,3041
greatest,3042
greatly,3043
greatness,3044
greats,3045
greed,3046
green,3047
greeted,3048
greetings,3049
greggs,3050
greifers,3051
gremlins,3052
grenade,3053
grenades,3054
grew,3055
grey,3056
grfico,3057
grief,3058
griefers,3059
griefing,3060
grieving,3061
griffer,3062
grim,3063
grind,3064
grinded,3065
grinding,3066
grindy,3067
grip,3068
gripes,3069
gripping,3070
gritty,3071
groovy,3072
gros,3073
ground,3074
group,3075
groups,3076
grow,3077
growing,3078
grown,3079
grows,3080
grpahic,3081
grudge,3082
gry,3083
gta,3084
guaranteed,3085
guardian,3086
guards,3087
gud,3088
guess,3089
guidance,3090
guide,3091
guidelines,3092
guides,3093
gun,3094
gunfight,3095
gunfire,3096
gunner,3097
gunning,3098
gunplay,3099
gunpoint,3100
guns,3101
gut,3102
guts,3103
gutted,3104
gutter,3105
guy,3106
guys,3107
ha,3108
habillage,3109
habits,3110
habitually,3111
hack,3112
hacked,3113
hacker,3114
hackers,3115
hacking,3116
hackings,3117
hacks,3118
haha,3119
hahaha,3120
hahahaha,3121
hahhahahahahah,3122
hair,3123
halberd,3124
half,3125
halfway,3126
ham,3127
hame,3128
hanako,3129
hance,3130
hand,3131
handed,3132
handful,3133
handle,3134
handles,3135
handling,3136
hands,3137
hang,3138
happen,3139
happend,3140
happened,3141
happening,3142
happens,3143
happily,3144
happiness,3145
happy,3146
hard,3147
hardcore,3148
harder,3149
hardest,3150
hardly,3151
hardwae,3152
hardware,3153
harkening,3154
harm,3155
hasnt,3156
hasta,3157
hate,3158
hated,3159
hates,3160
hating,3161
hats,3162
hauteur,3163
haveing,3164
havent,3165
havn,3166
hcakers,3167
head,3168
headaches,3169
headphones,3170
heads,3171
headshot,3172
headshots,3173
headshotting,3174
headshoty,3175
heal,3176
health,3177
healthier,3178
heap,3179
heaps,3180
hear,3181
heard,3182
hearing,3183
heart,3184
heartbreaking,3185
heartfelt,3186
hearth,3187
heartless,3188
heartstrings,3189
heat,3190
heath,3191
heats,3192
heaven,3193
heavens,3194
heavily,3195
heavy,3196
heck,3197
hecking,3198
hedonistic,3199
heights,3200
heinous,3201
held,3202
helen,3203
helicopter,3204
hell,3205
hello,3206
help,3207
helped,3208
helpful,3209
helping,3210
helpp,3211
helps,3212
hence,3213
hentai,3214
herald,3215
heralds,3216
heritage,3217
hermoso,3218
hero,3219
heroes,3220
heroin,3221
heros,3222
hes,3223
hesitant,3224
hesitate,3225
hesitated,3226
hey,3227
hf,3228
hiccups,3229
hidden,3230
hide,3231
high,3232
highend,3233
higher,3234
highest,3235
highlight,3236
highlights,3237
highly,3238
highs,3239
hiked,3240
hilarious,3241
hilariously,3242
hilelerden,3243
hint,3244
hire,3245
hirr,3246
historia,3247
history,3248
histria,3249
hit,3250
hitching,3251
hitreg,3252
hits,3253
hitting,3254
hizo,3255
hl,3256
hlavn,3257
hoffe,3258
hog,3259
hogwarts,3260
hok,3261
hold,3262
holding,3263
holds,3264
hole,3265
holes,3266
hollow,3267
holmes,3268
holo,3269
holographic,3270
home,3271
homeless,3272
homework,3273
honest,3274
honestly,3275
honestlyits,3276
honor,3277
hook,3278
hooked,3279
hop,3280
hope,3281
hopeful,3282
hopefully,3283
hopeless,3284
hopelessness,3285
hopes,3286
hoping,3287
horas,3288
horned,3289
horns,3290
horrendous,3291
horrible,3292
horribly,3293
horrid,3294
horrifically,3295
horror,3296
horse,3297
hostile,3298
hostility,3299
hot,3300
hotkeys,3301
hour,3302
hours,3303
house,3304
howard,3305
however,3306
hr,3307
hra,3308
hrs,3309
htem,3310
hubaloo,3311
huge,3312
hugging,3313
huh,3314
hui,3315
human,3316
humane,3317
humanity,3318
humans,3319
humble,3320
humbled,3321
humbling,3322
humiliated,3323
humiliation,3324
humorous,3325
hundred,3326
hundreds,3327
hungry,3328
hurdle,3329
hurdles,3330
hurt,3331
hurtful,3332
hurting,3333
hurts,3334
husband,3335
huskar,3336
hv,3337
hvh,3338
hybrids,3339
hype,3340
hyper,3341
hyperbolic,3342
ibris,3343
ice,3344
icefrog,3345
ich,3346
icing,3347
icon,3348
iconic,3349
icons,3350
id,3351
idea,3352
ideal,3353
idealistic,3354
ideas,3355
identical,3356
identify,3357
identity,3358
idiot,3359
idiotic,3360
idiots,3361
idk,3362
idris,3363
ids,3364
ifyou,3365
ignorant,3366
ignore,3367
ignored,3368
igual,3369
ihr,3370
ii,3371
iii,3372
il,3373
ill,3374
illegal,3375
illegible,3376
illness,3377
illogical,3378
illuminates,3379
illusion,3380
illustrant,3381
im,3382
ima,3383
imac,3384
image,3385
imagin,3386
imagina,3387
imagination,3388
imaginative,3389
imagine,3390
imba,3391
imbeciles,3392
immagine,3393
immediate,3394
immediately,3395
immediatly,3396
immense,3397
immer,3398
immeresed,3399
immers,3400
immerse,3401
immersed,3402
immersion,3403
immersive,3404
immeuble,3405
immo,3406
immortal,3407
immortality,3408
immune,3409
imo,3410
impact,3411
impacted,3412
impactful,3413
impacting,3414
impacts,3415
impassioned,3416
impeccable,3417
implant,3418
implants,3419
implementar,3420
implication,3421
importance,3422
important,3423
importantly,3424
impose,3425
imposes,3426
imposible,3427
impossible,3428
imposter,3429
impressed,3430
impression,3431
impressive,3432
impressively,3433
imprint,3434
improve,3435
improved,3436
improvement,3437
improvements,3438
improves,3439
improving,3440
impunity,3441
inability,3442
inaceitvel,3443
inapts,3444
inauspicious,3445
inc,3446
incarnation,3447
incarnations,3448
incel,3449
incels,3450
incentive,3451
inch,3452
inches,3453
incinerate,3454
include,3455
included,3456
includes,3457
including,3458
inclusion,3459
incoherent,3460
incompetent,3461
incompetente,3462
incomplete,3463
incomprehensible,3464
inconsiderate,3465
inconsistencies,3466
inconsistency,3467
inconsistent,3468
incorrect,3469
incorrectly,3470
increase,3471
increased,3472
increases,3473
increasing,3474
increblemente,3475
incredbile,3476
incredible,3477
incredibly,3478
incredsibly,3479
incremental,3480
incrivel,3481
indeed,3482
independence,3483
indescribable,3484
india,3485
indicates,3486
indie,3487
indirectly,3488
indistinguishable,3489
individual,3490
individuals,3491
induce,3492
induced,3493
inducing,3494
industries,3495
industry,3496
inexperienced,3497
infamous,3498
infected,3499
infelizmente,3500
inferior,3501
infestado,3502
infested,3503
infiltration,3504
infinetely,3505
infinite,3506
infinity,3507
infinte,3508
inflated,3509
influenced,3510
influential,3511
influx,3512
info,3513
infocom,3514
information,3515
infuriating,3516
ing,3517
ingame,3518
ingenuity,3519
initial,3520
initially,3521
initiator,3522
injured,3523
inmensa,3524
innate,3525
innovate,3526
innovations,3527
innovative,3528
input,3529
insane,3530
insanely,3531
insects,3532
inside,3533
insistence,3534
insists,3535
inspect,3536
inspiration,3537
inspirational,3538
inspired,3539
instal,3540
install,3541
installed,3542
installing,3543
instance,3544
instant,3545
instantly,3546
instead,3547
institutions,3548
instrument,3549
insult,3550
insulted,3551
insulting,3552
insults,3553
intact,3554
integrated,3555
integrety,3556
integrity,3557
inteiro,3558
intel,3559
intelligent,3560
intense,3561
intensity,3562
intensive,3563
intention,3564
intentionally,3565
interact,3566
interactable,3567
interacting,3568
interaction,3569
interactions,3570
interactive,3571
intercourse,3572
interest,3573
interested,3574
interesting,3575
interests,3576
interface,3577
interfaces,3578
interfere,3579
international,3580
internet,3581
interrompent,3582
interrupted,3583
inters,3584
intervening,3585
intimate,3586
intimidated,3587
intimidating,3588
intolerant,3589
intressantes,3590
intricate,3591
intrigants,3592
intrigued,3593
intriguing,3594
intro,3595
introduced,3596
introduces,3597
introducing,3598
introduction,3599
intrusion,3600
intrusivo,3601
intuitive,3602
invades,3603
invented,3604
inventory,3605
invest,3606
invested,3607
investigate,3608
investimento,3609
investing,3610
investment,3611
investors,3612
inviting,3613
invoker,3614
involved,3615
ip,3616
iq,3617
iqs,3618
irl,3619
irls,3620
iron,3621
ironed,3622
ironic,3623
ironically,3624
ironiczny,3625
irregular,3626
irrelevant,3627
irritating,3628
ish,3629
ishxk,3630
isnt,3631
isolated,3632
isso,3633
issue,3634
issued,3635
issues,3636
issuesespecially,3637
ist,3638
itch,3639
itches,3640
itching,3641
item,3642
itemization,3643
items,3644
iterate,3645
iterations,3646
iti,3647
itll,3648
iust,3649
iv,3650
ive,3651
ivot,3652
iyi,3653
jacked,3654
jackie,3655
jail,3656
jaja,3657
jak,3658
jamais,3659
jank,3660
janky,3661
japanese,3662
japantown,3663
jast,3664
je,3665
jednoczenie,3666
jeets,3667
jeli,3668
jelly,3669
jemals,3670
jen,3671
jest,3672
jeste,3673
jestemy,3674
jetpack,3675
jeu,3676
jew,3677
jewellery,3678
jewish,3679
jhonny,3680
jingles,3681
jitter,3682
jittering,3683
jittery,3684
job,3685
jobs,3686
joc,3687
jocului,3688
jogabilidade,3689
jogadores,3690
jogar,3691
jogo,3692
jogue,3693
john,3694
johnny,3695
johnnyit,3696
johny,3697
join,3698
joined,3699
joining,3700
joke,3701
jokes,3702
jollys,3703
jonked,3704
jonny,3705
joueur,3706
journey,3707
journeys,3708
joy,3709
joyful,3710
joyfully,3711
jrpg,3712
juan,3713
judge,3714
judged,3715
judy,3716
juego,3717
juegos,3718
jugaba,3719
jugamos,3720
jugando,3721
jugarlo,3722
juggernaut,3723
juicy,3724
jump,3725
jumped,3726
jumping,3727
jungle,3728
jungling,3729
junk,3730
junky,3731
jusqu,3732
justia,3733
justice,3734
justifies,3735
justify,3736
justifying,3737
jy,3738
kadego,3739
kaneki,3740
katana,3741
kazakhstan,3742
kd,3743
kdr,3744
keanu,3745
keanue,3746
kebab,3747
kebabs,3748
keep,3749
keeping,3750
keeps,3751
kein,3752
keine,3753
keller,3754
ken,3755
kept,3756
kernel,3757
kesm,3758
keteer,3759
key,3760
keybindings,3761
keyboard,3762
keypad,3763
keys,3764
khan,3765
kick,3766
kicked,3767
kicking,3768
kicks,3769
kid,3770
kids,3771
kiedykolwiek,3772
kilka,3773
kill,3774
killed,3775
killer,3776
killing,3777
killjoy,3778
kills,3779
kind,3780
kinda,3781
kindergarten,3782
kindhearted,3783
kinds,3784
king,3785
kings,3786
kinks,3787
kiss,3788
kits,3789
kleine,3790
knew,3791
knife,3792
knifes,3793
knifing,3794
knives,3795
knock,3796
know,3797
knowing,3798
knowledge,3799
known,3800
knows,3801
knub,3802
knuckle,3803
kocu,3804
kolejna,3805
kolejne,3806
kolejny,3807
komunikacji,3808
kong,3809
korea,3810
kto,3811
kudos,3812
kultowej,3813
kz,3814
la,3815
laaa,3816
labour,3817
lack,3818
lacking,3819
lacks,3820
ladder,3821
laden,3822
lady,3823
lag,3824
laggier,3825
laggy,3826
lags,3827
lake,3828
lambasted,3829
lame,3830
lan,3831
lanar,3832
lancer,3833
land,3834
landed,3835
landing,3836
landmark,3837
lands,3838
landscape,3839
landslide,3840
lane,3841
lanes,3842
language,3843
languages,3844
laptop,3845
large,3846
largely,3847
las,3848
last,3849
lasted,3850
lasting,3851
lastly,3852
late,3853
lately,3854
latency,3855
later,3856
latest,3857
lation,3858
lauded,3859
laugh,3860
laughably,3861
laughing,3862
laughs,3863
launch,3864
launched,3865
launcher,3866
launches,3867
laundering,3868
lawless,3869
layer,3870
layered,3871
layers,3872
laying,3873
lazm,3874
lazy,3875
le,3876
lead,3877
leader,3878
leaderboard,3879
leaderboards,3880
leadership,3881
leading,3882
leads,3883
league,3884
leagues,3885
lean,3886
leaning,3887
leap,3888
leaping,3889
leaps,3890
lear,3891
learn,3892
learned,3893
learning,3894
learnt,3895
least,3896
leave,3897
leaves,3898
leaving,3899
lectures,3900
led,3901
left,3902
leftover,3903
leftovers,3904
legacy,3905
legal,3906
legend,3907
legendary,3908
legends,3909
legendsit,3910
legging,3911
legion,3912
legit,3913
legitimate,3914
legs,3915
leisure,3916
lekker,3917
length,3918
lengthens,3919
lenovo,3920
lens,3921
lepsza,3922
les,3923
less,3924
lesser,3925
lest,3926
let,3927
lets,3928
letter,3929
letting,3930
leukemia,3931
leurs,3932
lev,3933
level,3934
leveling,3935
levels,3936
lgendaire,3937
liberty,3938
library,3939
licenciado,3940
licht,3941
lick,3942
lie,3943
lied,3944
lies,3945
lieux,3946
life,3947
lifeform,3948
lifeless,3949
lifepath,3950
lifestyle,3951
lifetime,3952
lift,3953
lifted,3954
light,3955
lighting,3956
lightning,3957
lights,3958
likeable,3959
liked,3960
likely,3961
likes,3962
lil,3963
limbs,3964
limit,3965
limited,3966
limiting,3967
limitless,3968
limits,3969
limpiar,3970
limpos,3971
lina,3972
line,3973
linear,3974
lines,3975
lineup,3976
lingering,3977
lingers,3978
link,3979
linked,3980
linking,3981
links,3982
linux,3983
lis,3984
list,3985
listen,3986
listening,3987
listining,3988
lit,3989
lite,3990
literal,3991
literally,3992
litterally,3993
littered,3994
little,3995
littralement,3996
live,3997
lived,3998
livelier,3999
lives,4000
living,4001
lizard,4002
lizzy,4003
llegas,4004
llevo,4005
llows,4006
llse,4007
lmao,4008
lments,4009
lo,4010
load,4011
loading,4012
loadouts,4013
loads,4014
lob,4015
lobbies,4016
lobby,4017
lobotomized,4018
lobotomy,4019
local,4020
localhost,4021
locate,4022
located,4023
location,4024
locations,4025
lock,4026
locked,4027
locks,4028
lod,4029
log,4030
logged,4031
logging,4032
logically,4033
lograr,4034
lol,4035
lone,4036
loneliness,4037
long,4038
longer,4039
longest,4040
longues,4041
look,4042
looked,4043
looking,4044
looks,4045
lookup,4046
loooove,4047
loop,4048
looping,4049
loose,4050
loosing,4051
lord,4052
lords,4053
lore,4054
lors,4055
lorsqu,4056
los,4057
lose,4058
loser,4059
losers,4060
losin,4061
losing,4062
losowy,4063
loss,4064
losses,4065
lost,4066
lot,4067
lots,4068
lotta,4069
loud,4070
loudly,4071
lov,4072
love,4073
loved,4074
lovely,4075
loves,4076
loving,4077
lovingly,4078
low,4079
lower,4080
lowest,4081
lowkey,4082
lowlifes,4083
lowly,4084
lows,4085
loyalty,4086
lp,4087
lr,4088
luck,4089
luckily,4090
lucky,4091
lucy,4092
ludzi,4093
lugar,4094
lui,4095
lukeross,4096
lull,4097
lumineuses,4098
lunatic,4099
lunched,4100
lure,4101
lut,4102
lvl,4103
mabe,4104
mac,4105
macbook,4106
mach,4107
machete,4108
machine,4109
machines,4110
macro,4111
mad,4112
made,4113
madness,4114
madyou,4115
maestra,4116
mag,4117
magazine,4118
magazines,4119
mage,4120
mager,4121
magic,4122
magical,4123
magically,4124
magnificent,4125
magnifie,4126
mags,4127
mai,4128
maiden,4129
main,4130
mainly,4131
maintaining,4132
maioria,4133
mais,4134
major,4135
majority,4136
make,4137
makeing,4138
makes,4139
making,4140
mal,4141
mala,4142
malaria,4143
male,4144
malfunctioning,4145
malfunctions,4146
malo,4147
malware,4148
mama,4149
mammals,4150
man,4151
mana,4152
managable,4153
manage,4154
manageable,4155
managed,4156
management,4157
manager,4158
manages,4159
managing,4160
mandan,4161
mandatory,4162
mandel,4163
manga,4164
mania,4165
maniac,4166
maniacs,4167
mankind,4168
manner,4169
manners,4170
manor,4171
manquera,4172
mans,4173
mansion,4174
mantis,4175
mantm,4176
many,4177
map,4178
mapa,4179
maphack,4180
maphacks,4181
mapie,4182
maps,4183
mar,4184
march,4185
marcs,4186
marginalizao,4187
marginally,4188
marine,4189
mark,4190
marked,4191
marker,4192
market,4193
marketable,4194
marriage,4195
mas,4196
mash,4197
masochism,4198
masochistic,4199
mass,4200
massacre,4201
massante,4202
masses,4203
massive,4204
massively,4205
master,4206
masterand,4207
mastered,4208
masterfully,4209
mastering,4210
masterpiece,4211
mastery,4212
masturbate,4213
masturbating,4214
match,4215
matched,4216
matches,4217
matchmaker,4218
matchmaking,4219
matchups,4220
matcmaking,4221
mate,4222
material,4223
materiale,4224
materials,4225
mates,4226
matrix,4227
matter,4228
matters,4229
mature,4230
maturing,4231
max,4232
maxed,4233
maximise,4234
maxx,4235
may,4236
maybe,4237
mea,4238
mean,4239
meanfully,4240
meaning,4241
meaningful,4242
meaningfull,4243
meaningfully,4244
meaningless,4245
means,4246
meant,4247
meanwhile,4248
measure,4249
meat,4250
mecanica,4251
mecanicamente,4252
mechanic,4253
mechanical,4254
mechanically,4255
mechanics,4256
mecze,4257
medals,4258
media,4259
mediating,4260
medical,4261
medication,4262
mediocre,4263
medium,4264
meepo,4265
meet,4266
meeting,4267
mega,4268
megacorporation,4269
meh,4270
mehh,4271
meio,4272
melancholic,4273
meldingly,4274
melee,4275
melhor,4276
melhorar,4277
mem,4278
member,4279
meme,4280
memebrs,4281
memorable,4282
memorables,4283
memories,4284
memory,4285
men,4286
menace,4287
menionate,4288
mental,4289
mentality,4290
mentally,4291
mention,4292
mentioned,4293
mentioning,4294
menu,4295
menus,4296
merc,4297
mercado,4298
mercenaire,4299
mercenary,4300
merge,4301
merit,4302
merrier,4303
mes,4304
mesmerised,4305
mess,4306
message,4307
messages,4308
messed,4309
messy,4310
mesure,4311
met,4312
meta,4313
metal,4314
metatarsals,4315
meters,4316
meterte,4317
methods,4318
meticulously,4319
mexican,4320
mf,4321
mfg,4322
mfs,4323
mght,4324
mgs,4325
mi,4326
miasma,4327
mic,4328
mice,4329
micro,4330
microcosm,4331
microphone,4332
mics,4333
micspam,4334
mid,4335
middle,4336
midgame,4337
midget,4338
mids,4339
mierda,4340
might,4341
migrane,4342
migrating,4343
mike,4344
mil,4345
mildly,4346
milions,4347
military,4348
militia,4349
milk,4350
milking,4351
million,4352
millions,4353
min,4354
mind,4355
mindless,4356
mindlessly,4357
mindset,4358
mine,4359
minecraft,4360
minha,4361
mini,4362
minigun,4363
minimal,4364
minimalistic,4365
minimum,4366
minor,4367
minorities,4368
mins,4369
mintale,4370
minus,4371
minute,4372
minutes,4373
miracle,4374
mirage,4375
mirror,4376
mis,4377
miscast,4378
mischief,4379
miscommunication,4380
miserable,4381
misery,4382
miss,4383
missed,4384
misses,4385
missing,4386
mission,4387
missions,4388
mistake,4389
mistakes,4390
misuse,4391
mitad,4392
mix,4393
mixed,4394
ml,4395
mlbb,4396
mm,4397
mma,4398
mmmmm,4399
mmmmmm,4400
mmorpg,4401
mmr,4402
mnie,4403
mnimo,4404
mnk,4405
mo,4406
mob,4407
moba,4408
mobas,4409
mobile,4410
mod,4411
modded,4412
modding,4413
mode,4414
model,4415
modeled,4416
models,4417
moderate,4418
moderately,4419
moderation,4420
modern,4421
moderne,4422
modernizing,4423
modes,4424
modificateurs,4425
modification,4426
modifications,4427
modifiers,4428
mods,4429
modules,4430
moe,4431
mogs,4432
mohave,4433
moindre,4434
molded,4435
moles,4436
molest,4437
molly,4438
molotov,4439
mom,4440
moment,4441
momento,4442
moments,4443
monastery,4444
monetary,4445
money,4446
monitor,4447
monkey,4448
monkeys,4449
monopoly,4450
monotonous,4451
monster,4452
monsters,4453
month,4454
months,4455
monuments,4456
mood,4457
moov,4458
moral,4459
morale,4460
morally,4461
morceaux,4462
morgen,4463
morning,4464
moron,4465
moronic,4466
morons,4467
morrer,4468
mortal,4469
mortality,4470
mostly,4471
mother,4472
motion,4473
motivation,4474
motives,4475
motivul,4476
motnhs,4477
motorcycleis,4478
mouse,4479
mouth,4480
mouthed,4481
mouths,4482
move,4483
moved,4484
movement,4485
movements,4486
moves,4487
movie,4488
movies,4489
moving,4490
mowed,4491
mr,4492
ms,4493
mtter,4494
much,4495
mudah,4496
muitas,4497
muito,4498
multi,4499
multiplayer,4500
multiple,4501
multiples,4502
multiply,4503
multitude,4504
multitudes,4505
mulumesc,4506
mundo,4507
munitions,4508
murder,4509
murdering,4510
murky,4511
muscle,4512
music,4513
musicale,4514
musicales,4515
musks,4516
muss,4517
must,4518
mustang,4519
mustard,4520
mutants,4521
mute,4522
muted,4523
muting,4524
mutually,4525
myers,4526
myriad,4527
mystakes,4528
mystery,4529
mythology,4530
na,4531
nada,4532
nades,4533
naga,4534
nah,4535
nahoy,4536
najlepszy,4537
name,4538
named,4539
namely,4540
names,4541
nanoseconds,4542
nao,4543
narcissistic,4544
narrativas,4545
narrative,4546
narratively,4547
narratives,4548
nas,4549
nasa,4550
nasl,4551
naszym,4552
nation,4553
national,4554
nations,4555
native,4556
natural,4557
naturally,4558
nature,4559
navi,4560
navigate,4561
nawet,4562
nc,4563
nd,4564
ne,4565
near,4566
nearby,4567
nearly,4568
neat,4569
nebere,4570
necesito,4571
necessary,4572
necessita,4573
neckbeard,4574
necked,4575
need,4576
needed,4577
needing,4578
needless,4579
needs,4580
neeed,4581
negative,4582
negatively,4583
negatives,4584
negativity,4585
neglect,4586
neglecting,4587
negotiating,4588
nehrajte,4589
neighbow,4590
neither,4591
nelegere,4592
nem,4593
nen,4594
neon,4595
nerves,4596
nesmm,4597
net,4598
netcode,4599
netflix,4600
netrunner,4601
netrunners,4602
network,4603
neutralize,4604
never,4605
nevertheless,4606
new,4607
newbie,4608
newbies,4609
newborn,4610
newcomers,4611
newell,4612
newer,4613
newest,4614
newly,4615
next,4616
nexus,4617
ng,4618
ngl,4619
ni,4620
nice,4621
nicer,4622
nicht,4623
nichts,4624
nico,4625
nie,4626
niesamowicie,4627
nietzsche,4628
night,4629
nightmare,4630
nimbus,4631
nineties,4632
ninja,4633
nirvana,4634
nitpicks,4635
niveau,4636
nobody,4637
nobodys,4638
noise,4639
noises,4640
nomads,4641
nombreuses,4642
nombreux,4643
non,4644
none,4645
nonetheless,4646
nonsense,4647
nonstop,4648
noob,4649
noobs,4650
nook,4651
nooks,4652
noone,4653
nope,4654
norm,4655
normal,4656
normally,4657
normals,4658
north,4659
nos,4660
noscopes,4661
nostalgic,4662
notch,4663
note,4664
nothin,4665
nothing,4666
nothingness,4667
notice,4668
noticeable,4669
noticed,4670
notificri,4671
nous,4672
nova,4673
novel,4674
novels,4675
novidades,4676
nowadays,4677
nowgreat,4678
nowhere,4679
nown,4680
nows,4681
nowy,4682
npc,4683
npcs,4684
npd,4685
nu,4686
nuance,4687
nuances,4688
nuclear,4689
nuevo,4690
nuff,4691
nuggets,4692
nuisance,4693
nuked,4694
num,4695
numb,4696
number,4697
numbers,4698
numerical,4699
numerous,4700
nunca,4701
nur,4702
nusa,4703
nutten,4704
nvidia,4705
nvm,4706
obedient,4707
obesity,4708
objective,4709
objetivos,4710
oblig,4711
oblivion,4712
obnoxious,4713
obra,4714
obras,4715
obrigados,4716
obscures,4717
observe,4718
observed,4719
observing,4720
obvious,4721
obviously,4722
obyvatele,4723
oc,4724
occasion,4725
occasional,4726
occasionally,4727
occurs,4728
och,4729
octane,4730
od,4731
odd,4732
oddly,4733
odio,4734
odsona,4735
ofc,4736
ofcharacter,4737
oferite,4738
offend,4739
offends,4740
offensive,4741
offer,4742
offering,4743
offers,4744
office,4745
offices,4746
official,4747
officially,4748
officials,4749
offlane,4750
offlaners,4751
offline,4752
offs,4753
ofsolol,4754
often,4755
ofyou,4756
og,4757
oh,4758
ohhh,4759
ohne,4760
oil,4761
ok,4762
okay,4763
okayish,4764
olayer,4765
old,4766
older,4767
oldie,4768
olds,4769
oled,4770
oligophrenia,4771
olso,4772
om,4773
omg,4774
omits,4775
ondary,4776
oneand,4777
ones,4778
ongoing,4779
onions,4780
online,4781
ons,4782
ont,4783
onto,4784
onward,4785
op,4786
open,4787
opened,4788
opening,4789
openly,4790
opens,4791
operate,4792
operation,4793
operations,4794
opinion,4795
oportunidad,4796
opponent,4797
opponents,4798
opportunities,4799
opportunity,4800
opposing,4801
opposite,4802
opps,4803
ops,4804
optic,4805
optimal,4806
optimisation,4807
optimised,4808
optimization,4809
optimized,4810
option,4811
optional,4812
options,4813
orang,4814
order,4815
ordered,4816
ordering,4817
ordinary,4818
organization,4819
oricror,4820
oriented,4821
original,4822
originale,4823
originally,4824
originate,4825
orion,4826
os,4827
ost,4828
osts,4829
others,4830
otherwise,4831
otimizao,4832
otr,4833
otra,4834
otros,4835
ou,4836
ounce,4837
outcomes,4838
outdated,4839
outfits,4840
outils,4841
outlook,4842
outnumber,4843
outraged,4844
outrageous,4845
outside,4846
outsmart,4847
outsmarting,4848
outsource,4849
outstanding,4850
outta,4851
oven,4852
overal,4853
overall,4854
overclock,4855
overcomplicate,4856
overcomplicated,4857
overdone,4858
overhaul,4859
overhauled,4860
overhauls,4861
overhyped,4862
overlays,4863
overload,4864
overloaded,4865
overly,4866
overpass,4867
overpowered,4868
overpriced,4869
overpromised,4870
overrated,4871
overrun,4872
overseen,4873
overtake,4874
overview,4875
overwatch,4876
overweight,4877
overwhelmed,4878
overwhelming,4879
owe,4880
owned,4881
owner,4882
owners,4883
owns,4884
oynanmyor,4885
oyun,4886
oyuna,4887
oyunun,4888
oyunundan,4889
pace,4890
paced,4891
pacifica,4892
pacincia,4893
pacing,4894
pack,4895
package,4896
packed,4897
packet,4898
padres,4899
page,4900
pages,4901
paid,4902
pain,4903
painful,4904
paint,4905
paired,4906
pakis,4907
palabras,4908
palette,4909
panam,4910
pandemic,4911
panic,4912
panier,4913
pans,4914
pants,4915
par,4916
para,4917
paragraphs,4918
parat,4919
parent,4920
parked,4921
parkour,4922
parks,4923
part,4924
partially,4925
participate,4926
participation,4927
particularly,4928
particulary,4929
particulirement,4930
partida,4931
partidas,4932
partie,4933
parties,4934
partitioned,4935
partner,4936
partners,4937
parts,4938
party,4939
pas,4940
pass,4941
passable,4942
passage,4943
passant,4944
passes,4945
passing,4946
passion,4947
passives,4948
passs,4949
past,4950
pasta,4951
paste,4952
patch,4953
patched,4954
patches,4955
patching,4956
patchs,4957
patentes,4958
path,4959
pathetic,4960
paths,4961
patience,4962
patient,4963
patn,4964
patrol,4965
pattern,4966
patterns,4967
pause,4968
pay,4969
payed,4970
paying,4971
payoff,4972
pays,4973
pc,4974
pcs,4975
pdestres,4976
pdfs,4977
pe,4978
peace,4979
peaceful,4980
peacefully,4981
peak,4982
peaked,4983
pederas,4984
pedophiles,4985
pedophilia,4986
peekers,4987
peers,4988
penalties,4989
penalty,4990
penny,4991
pentru,4992
people,4993
peoples,4994
peor,4995
per,4996
perception,4997
perde,4998
perfect,4999
perfected,5000
perfecting,5001
perfection,5002
perfectly,5003
perfectthey,5004
perfomacne,5005
perfomance,5006
performance,5007
performances,5008
performs,5009
perhaps,5010
perioad,5011
perioadei,5012
period,5013
perk,5014
perks,5015
perma,5016
permanantly,5017
permanence,5018
permanent,5019
permanenta,5020
permanently,5021
permanetly,5022
permettent,5023
pero,5024
perpetuamente,5025
persistant,5026
persistent,5027
person,5028
persona,5029
personable,5030
personal,5031
personalities,5032
personality,5033
personalized,5034
personally,5035
personals,5036
personhood,5037
personnage,5038
personnages,5039
perspective,5040
pertains,5041
peruanos,5042
pet,5043
petit,5044
peut,5045
pew,5046
pg,5047
phalanges,5048
phallus,5049
phantom,5050
phase,5051
phases,5052
phd,5053
phds,5054
phenomena,5055
phenomenal,5056
phenomenally,5057
philosophers,5058
philosophy,5059
phoenix,5060
phoenixs,5061
phone,5062
photo,5063
photomode,5064
photorealistic,5065
phrase,5066
phyco,5067
physical,5068
physically,5069
physics,5070
pick,5071
picked,5072
picking,5073
picks,5074
pickup,5075
pics,5076
piece,5077
pieces,5078
ping,5079
pinging,5080
pings,5081
pink,5082
pinnacle,5083
pinoy,5084
pior,5085
pirated,5086
pisa,5087
piss,5088
pissed,5089
pisses,5090
pistes,5091
pistol,5092
pistols,5093
pit,5094
pixel,5095
pl,5096
place,5097
placed,5098
placement,5099
places,5100
plague,5101
plagued,5102
plaing,5103
plan,5104
planning,5105
plant,5106
plantages,5107
plateau,5108
plated,5109
platform,5110
platforma,5111
platforms,5112
platinum,5113
playability,5114
playable,5115
playerbase,5116
players,5117
playerunfriendly,5118
playground,5119
playhouse,5120
playig,5121
playing,5122
playor,5123
plays,5124
playstation,5125
playstyle,5126
playstyleeven,5127
playstyles,5128
playthough,5129
playthrough,5130
playthroughs,5131
playtime,5132
plaza,5133
pleas,5134
pleasant,5135
pleasantly,5136
please,5137
pleased,5138
pleasing,5139
pleinement,5140
plenty,5141
plight,5142
plong,5143
plot,5144
plots,5145
pls,5146
plumeted,5147
plus,5148
plusieurs,5149
plussed,5150
pm,5151
po,5152
pocas,5153
pocket,5154
pockets,5155
pocztku,5156
poczy,5157
pode,5158
poder,5159
poes,5160
poetic,5161
poignant,5162
poin,5163
point,5164
pointing,5165
pointless,5166
points,5167
poison,5168
pojawi,5169
poked,5170
poland,5171
polecam,5172
police,5173
polir,5174
polish,5175
polished,5176
polishing,5177
polite,5178
political,5179
politically,5180
polonyada,5181
pondsmith,5182
poner,5183
ponpon,5184
pontos,5185
pool,5186
pooop,5187
poor,5188
poorly,5189
pop,5190
poprawiona,5191
pops,5192
popstar,5193
popular,5194
populate,5195
por,5196
porche,5197
porm,5198
porn,5199
porque,5200
porsche,5201
port,5202
portal,5203
portrays,5204
posea,5205
poses,5206
posibil,5207
posing,5208
position,5209
positioning,5210
positive,5211
positively,5212
positivity,5213
possibilidade,5214
possibilitites,5215
possibility,5216
possible,5217
possibles,5218
possibly,5219
post,5220
posted,5221
postion,5222
potato,5223
potatoes,5224
potem,5225
potential,5226
poured,5227
pourquoi,5228
power,5229
powered,5230
powerful,5231
powerh,5232
powertrip,5233
poza,5234
poznaam,5235
poznaem,5236
pp,5237
ppl,5238
pra,5239
practical,5240
practically,5241
practice,5242
practiced,5243
praise,5244
praises,5245
prambule,5246
pray,5247
prayin,5248
pre,5249
precious,5250
precisa,5251
precise,5252
precision,5253
precludes,5254
precum,5255
predatory,5256
predetermined,5257
predictable,5258
preem,5259
prefer,5260
preference,5261
preferred,5262
prefers,5263
prefferred,5264
preformance,5265
prem,5266
premier,5267
premiere,5268
premium,5269
preorder,5270
prepare,5271
prepared,5272
preparing,5273
presence,5274
present,5275
presentation,5276
presente,5277
presented,5278
presenting,5279
preserves,5280
preset,5281
president,5282
press,5283
presse,5284
pressure,5285
prestigious,5286
pretty,5287
prety,5288
prevalent,5289
prevent,5290
prevented,5291
prevents,5292
previous,5293
prezenta,5294
price,5295
pride,5296
prideful,5297
primal,5298
primarily,5299
primary,5300
prime,5301
primi,5302
primirea,5303
prin,5304
principal,5305
principales,5306
principle,5307
prio,5308
prior,5309
priori,5310
prioritize,5311
priority,5312
prison,5313
prisoner,5314
prisoners,5315
pristine,5316
privacy,5317
private,5318
privately,5319
privilegies,5320
prize,5321
pro,5322
probably,5323
probar,5324
problem,5325
problems,5326
procedural,5327
procedure,5328
proceed,5329
process,5330
processes,5331
processing,5332
procurar,5333
produced,5334
product,5335
production,5336
produit,5337
produzida,5338
professional,5339
professionally,5340
professions,5341
professor,5342
profile,5343
profiles,5344
profit,5345
progession,5346
program,5347
programacin,5348
programs,5349
progress,5350
progressing,5351
progression,5352
projeckt,5353
project,5354
projects,5355
projekt,5356
prolly,5357
prologue,5358
prolouge,5359
promenades,5360
promesses,5361
prominent,5362
promise,5363
promised,5364
promising,5365
prommise,5366
promoionale,5367
promoted,5368
promotions,5369
proof,5370
proper,5371
properly,5372
property,5373
propriei,5374
pros,5375
prosto,5376
prostu,5377
protagonist,5378
protect,5379
protection,5380
protejrii,5381
proton,5382
proud,5383
prove,5384
provide,5385
providers,5386
provides,5387
providing,5388
provokes,5389
prsentation,5390
prtica,5391
przerodzio,5392
przestalimy,5393
przypadkowy,5394
przypadku,5395
ps,5396
psychological,5397
psychology,5398
pub,5399
public,5400
published,5401
puck,5402
pudge,5403
pueden,5404
puedes,5405
pues,5406
pull,5407
pulled,5408
pulling,5409
pulls,5410
pump,5411
pumping,5412
punch,5413
punchy,5414
punidos,5415
punish,5416
punished,5417
punishing,5418
punishment,5419
punk,5420
punto,5421
puntos,5422
purchase,5423
purchased,5424
purchases,5425
purchasing,5426
pure,5427
purely,5428
purist,5429
purity,5430
purple,5431
purpose,5432
pursuit,5433
pursuits,5434
push,5435
pushed,5436
pushes,5437
pushing,5438
put,5439
putaria,5440
puts,5441
putting,5442
pve,5443
pvp,5444
qol,5445
qu,5446
quake,5447
qualities,5448
quality,5449
quandaries,5450
quando,5451
quant,5452
que,5453
queds,5454
quee,5455
queing,5456
quelques,5457
querer,5458
quest,5459
question,5460
questionable,5461
questioning,5462
questions,5463
questlines,5464
quests,5465
queue,5466
queued,5467
queueing,5468
queues,5469
queuing,5470
qui,5471
quick,5472
quickbuy,5473
quickhacks,5474
quickload,5475
quickly,5476
quicksave,5477
quid,5478
quiet,5479
quietly,5480
quirks,5481
quit,5482
quitan,5483
quite,5484
quitting,5485
quote,5486
rabbithole,5487
rabies,5488
raccord,5489
race,5490
races,5491
racing,5492
raciocnio,5493
racism,5494
racist,5495
racists,5496
racked,5497
racking,5498
radars,5499
radeon,5500
radio,5501
radios,5502
radius,5503
raelistic,5504
rage,5505
ragebait,5506
ragers,5507
rages,5508
raging,5509
railing,5510
railroaded,5511
rails,5512
rain,5513
rainbow,5514
raining,5515
raised,5516
raising,5517
ram,5518
ramah,5519
rampant,5520
rams,5521
ran,5522
random,5523
randomly,5524
randoms,5525
randomy,5526
ranga,5527
range,5528
ranging,5529
rank,5530
ranked,5531
rankers,5532
ranking,5533
rankings,5534
ranks,5535
rap,5536
rapaziada,5537
raped,5538
rapes,5539
rapidly,5540
rapist,5541
rappel,5542
rare,5543
rarely,5544
rarer,5545
rasclat,5546
rat,5547
rate,5548
rated,5549
rather,5550
rating,5551
ratings,5552
raved,5553
ray,5554
rayfield,5555
raytracing,5556
razem,5557
razn,5558
razon,5559
rd,5560
rdige,5561
rdr,5562
reach,5563
reached,5564
reaching,5565
react,5566
reactions,5567
read,5568
reader,5569
reading,5570
reads,5571
ready,5572
real,5573
realised,5574
realising,5575
realism,5576
realistic,5577
realistically,5578
reality,5579
realization,5580
realize,5581
realized,5582
realizes,5583
realizing,5584
realm,5585
realmente,5586
realy,5587
reaper,5588
reason,5589
reasonable,5590
reasonably,5591
reasoning,5592
reasons,5593
rebel,5594
reborn,5595
rebuilding,5596
rebuy,5597
reccomend,5598
reccomened,5599
reccommend,5600
reccomnd,5601
receive,5602
received,5603
receiving,5604
recent,5605
recently,5606
reception,5607
recht,5608
reckless,5609
recognizable,5610
recoil,5611
recoin,5612
recomand,5613
recomend,5614
recomendara,5615
recomendaria,5616
recomendarlo,5617
recomended,5618
recomendo,5619
recommend,5620
recommendation,5621
recommended,5622
reconfigure,5623
reconnection,5624
reconnects,5625
reconstruction,5626
record,5627
recover,5628
recovering,5629
recreate,5630
recreation,5631
recruit,5632
recubiertas,5633
red,5634
redeemed,5635
redefining,5636
redemption,5637
redesigned,5638
redownloading,5639
redscript,5640
reduce,5641
reduces,5642
reductive,5643
reefs,5644
reeves,5645
referee,5646
reference,5647
references,5648
refine,5649
refined,5650
reflect,5651
reflecting,5652
reflection,5653
reflections,5654
reflects,5655
reflexes,5656
refresh,5657
refreshed,5658
refreshes,5659
refreshing,5660
refreshment,5661
refund,5662
refunded,5663
refusal,5664
refuse,5665
refused,5666
refuses,5667
reg,5668
regained,5669
regarding,5670
regardless,5671
regards,5672
regimented,5673
region,5674
register,5675
registers,5676
registration,5677
regret,5678
regrets,5679
regular,5680
regulations,5681
reinstall,5682
reinvention,5683
rejouabilit,5684
rekt,5685
rela,5686
relapsed,5687
relate,5688
related,5689
relating,5690
relatiomship,5691
relation,5692
relationally,5693
relationship,5694
relationships,5695
relatively,5696
relaunch,5697
relax,5698
relaxing,5699
relearn,5700
release,5701
released,5702
releasing,5703
relentless,5704
relevant,5705
relic,5706
relief,5707
relieve,5708
relieving,5709
reload,5710
reloading,5711
reluctantly,5712
rely,5713
relying,5714
remain,5715
remains,5716
remarkably,5717
remastered,5718
remember,5719
remembered,5720
reminder,5721
reminders,5722
reminding,5723
reminds,5724
reminisce,5725
remiss,5726
remotely,5727
removal,5728
remove,5729
removed,5730
removes,5731
removing,5732
render,5733
rendition,5734
renforce,5735
renforcent,5736
renfort,5737
rent,5738
rep,5739
repair,5740
repairs,5741
repeat,5742
repeated,5743
repeatedly,5744
repeating,5745
repertoire,5746
repetetive,5747
repetition,5748
repetitive,5749
repetitiveness,5750
replace,5751
replaced,5752
replaces,5753
replacing,5754
replay,5755
replayability,5756
replayable,5757
replayed,5758
replayibility,5759
replaying,5760
reply,5761
report,5762
reported,5763
reporter,5764
reporting,5765
reports,5766
repress,5767
reproduced,5768
reputation,5769
reqs,5770
request,5771
requesting,5772
require,5773
required,5774
requirements,5775
requires,5776
res,5777
rescue,5778
research,5779
resesa,5780
reset,5781
resets,5782
reshape,5783
residents,5784
resides,5785
resistance,5786
resolution,5787
resolve,5788
resolved,5789
resonate,5790
resonates,5791
resource,5792
resources,5793
respawn,5794
respeccing,5795
respecs,5796
respect,5797
respectful,5798
respects,5799
responsible,5800
responsive,5801
responsiveness,5802
responsywny,5803
rest,5804
restart,5805
restarted,5806
restaurants,5807
reste,5808
restore,5809
restriciona,5810
restricted,5811
restricting,5812
result,5813
resulted,5814
resulting,5815
results,5816
retaining,5817
retains,5818
retakes,5819
retarded,5820
retarted,5821
retire,5822
retro,5823
return,5824
returned,5825
returning,5826
revamp,5827
revamps,5828
revealed,5829
revenge,5830
review,5831
reviewed,5832
reviewer,5833
reviews,5834
revisiting,5835
revive,5836
revolution,5837
reward,5838
rewarding,5839
rewards,5840
reworked,5841
reworking,5842
rewritten,5843
rfinsihing,5844
rhymes,5845
rich,5846
richness,5847
rick,5848
rid,5849
ridden,5850
riddled,5851
ride,5852
ridiculous,5853
riding,5854
riff,5855
rifle,5856
rig,5857
rigged,5858
right,5859
rigid,5860
rincn,5861
ring,5862
rinse,5863
rip,5864
ripperdoc,5865
risen,5866
rising,5867
risk,5868
riskier,5869
risking,5870
risks,5871
risky,5872
rita,5873
riveting,5874
rmb,5875
rn,5876
rng,5877
road,5878
roam,5879
robi,5880
roblox,5881
robot,5882
robotic,5883
robots,5884
robs,5885
rock,5886
rocket,5887
rocks,5888
rocky,5889
rog,5890
rogue,5891
role,5892
roleplay,5893
roleplaying,5894
roles,5895
roll,5896
rollback,5897
rolled,5898
roller,5899
rollercoaster,5900
rolling,5901
rolls,5902
romancable,5903
romance,5904
romanceable,5905
romantic,5906
rome,5907
ronin,5908
roof,5909
room,5910
rooms,5911
rooted,5912
rootless,5913
roots,5914
ropa,5915
roses,5916
rot,5917
rotated,5918
rotation,5919
rotations,5920
rotting,5921
rough,5922
roughest,5923
roughly,5924
round,5925
rounds,5926
route,5927
routine,5928
row,5929
royale,5930
rozmawia,5931
rozmowy,5932
rp,5933
rpg,5934
rpgs,5935
rpido,5936
rseaux,5937
rt,5938
rts,5939
rtx,5940
rubble,5941
rubick,5942
ruelle,5943
ruin,5944
ruined,5945
ruiners,5946
ruining,5947
ruins,5948
ruled,5949
rules,5950
run,5951
rund,5952
runner,5953
runners,5954
running,5955
runs,5956
rus,5957
rush,5958
rushed,5959
rushing,5960
rusian,5961
rusky,5962
russ,5963
russain,5964
russen,5965
russia,5966
russian,5967
russians,5968
rust,5969
rusted,5970
ruthless,5971
ryzen,5972
sa,5973
sacrifice,5974
sacrifices,5975
sad,5976
sadism,5977
sadists,5978
sadly,5979
sadness,5980
safe,5981
safehouse,5982
safely,5983
safety,5984
said,5985
sailing,5986
saint,5987
sake,5988
salaries,5989
sale,5990
sales,5991
salivate,5992
salts,5993
salty,5994
salutaire,5995
salvation,5996
samurai,5997
sanctioned,5998
sandbox,5999
sandboxy,6000
sandevistan,6001
sandstorm,6002
sandy,6003
sane,6004
sangat,6005
sanity,6006
sank,6007
santo,6008
sat,6009
satisfaction,6010
satisfaisant,6011
satisfied,6012
satisfying,6013
saturday,6014
satysfakcji,6015
satysfakcjonujcy,6016
sau,6017
saucy,6018
saute,6019
save,6020
saves,6021
saving,6022
saw,6023
say,6024
saya,6025
sayed,6026
saying,6027
says,6028
scale,6029
scaled,6030
scaling,6031
scam,6032
scamer,6033
scammers,6034
scanner,6035
scanners,6036
scapes,6037
scared,6038
scarred,6039
scattered,6040
scenario,6041
scene,6042
scenery,6043
scenes,6044
scepter,6045
schedules,6046
schizophrenic,6047
schlechtestes,6048
schon,6049
school,6050
schwer,6051
sci,6052
science,6053
scientific,6054
scnario,6055
scolded,6056
scopul,6057
score,6058
scored,6059
scoring,6060
scout,6061
scratch,6062
scratches,6063
scratching,6064
scream,6065
screamed,6066
screamers,6067
screaming,6068
screen,6069
screens,6070
screenshot,6071
screenshots,6072
screw,6073
screwed,6074
script,6075
scripted,6076
scripters,6077
scripts,6078
scrolls,6079
scum,6080
scurt,6081
se,6082
sea,6083
seamlessly,6084
search,6085
searching,6086
season,6087
seasonal,6088
seasoned,6089
seatbelts,6090
sec,6091
second,6092
secondaires,6093
secondly,6094
seconds,6095
secret,6096
secretly,6097
secs,6098
section,6099
secure,6100
security,6101
see,6102
seeing,6103
seek,6104
seeking,6105
seem,6106
seemed,6107
seemingly,6108
seems,6109
seen,6110
sees,6111
segment,6112
segundo,6113
seiously,6114
seja,6115
select,6116
selectable,6117
selected,6118
self,6119
selfharm,6120
sell,6121
selled,6122
selling,6123
seltenheit,6124
semelhantes,6125
semi,6126
semnat,6127
send,6128
sending,6129
sendo,6130
sends,6131
seninde,6132
sens,6133
sensaciones,6134
sense,6135
sensible,6136
sensitive,6137
sensory,6138
sent,6139
sente,6140
sentence,6141
sentient,6142
sentir,6143
separate,6144
separates,6145
sequel,6146
sequence,6147
ser,6148
serce,6149
series,6150
serii,6151
serious,6152
seriously,6153
serously,6154
serve,6155
server,6156
servers,6157
service,6158
serviceable,6159
services,6160
servicii,6161
servidores,6162
ses,6163
session,6164
sessions,6165
set,6166
sets,6167
setting,6168
settings,6169
settles,6170
setup,6171
seus,6172
seven,6173
seventh,6174
sever,6175
several,6176
severe,6177
severly,6178
sex,6179
sexiness,6180
sexo,6181
sexual,6182
sg,6183
sgo,6184
sh,6185
shader,6186
shadow,6187
shadowrun,6188
shadows,6189
shaft,6190
shake,6191
shaky,6192
shall,6193
shallow,6194
shame,6195
shani,6196
shape,6197
shard,6198
shardneon,6199
shards,6200
share,6201
shared,6202
sharing,6203
sharp,6204
sharpen,6205
sharper,6206
sharpness,6207
shattering,6208
sheep,6209
sheer,6210
sheet,6211
shelf,6212
shell,6213
shelved,6214
sherlock,6215
shet,6216
shi,6217
shift,6218
shifted,6219
shifting,6220
shifts,6221
shiii,6222
shines,6223
shiny,6224
shipped,6225
shocked,6226
shocker,6227
shoe,6228
shoes,6229
shoot,6230
shooter,6231
shooterpure,6232
shooters,6233
shooting,6234
shootouts,6235
shoots,6236
shop,6237
shopping,6238
shoremleriea,6239
short,6240
shot,6241
shotgun,6242
shots,6243
shotties,6244
shoulder,6245
shouldnt,6246
shouldve,6247
shout,6248
shouted,6249
show,6250
showed,6251
showing,6252
shown,6253
shows,6254
shut,6255
shutting,6256
si,6257
sibuls,6258
sick,6259
side,6260
sided,6261
sidequests,6262
sides,6263
siding,6264
siege,6265
siendo,6266
siente,6267
sientes,6268
sigh,6269
sight,6270
sightings,6271
sights,6272
sign,6273
significance,6274
significant,6275
significantly,6276
signing,6277
signs,6278
sigo,6279
siktiminn,6280
silenced,6281
silencer,6282
silencers,6283
silent,6284
silently,6285
silly,6286
silnik,6287
silver,6288
silverhand,6289
sim,6290
similar,6291
similarly,6292
simple,6293
simplement,6294
simpler,6295
simplesmente,6296
simplicity,6297
simply,6298
sims,6299
simulates,6300
simulation,6301
simulator,6302
simultaneously,6303
sin,6304
since,6305
sing,6306
single,6307
singleplayer,6308
sinking,6309
sinnerman,6310
sinonim,6311
siphons,6312
siren,6313
sistema,6314
sistemi,6315
sister,6316
sit,6317
site,6318
sits,6319
sitter,6320
sitting,6321
situation,6322
situations,6323
six,6324
size,6325
skeptical,6326
skibbadi,6327
skill,6328
skilled,6329
skillet,6330
skillful,6331
skills,6332
skillsystem,6333
skilltree,6334
skin,6335
skins,6336
skip,6337
skipped,6338
skipping,6339
skippy,6340
skitter,6341
skm,6342
skull,6343
sky,6344
skyline,6345
skylines,6346
skyrim,6347
skyscrapers,6348
slam,6349
slammed,6350
slapdash,6351
slaughter,6352
slavery,6353
slavic,6354
sleek,6355
sleep,6356
sleeping,6357
slept,6358
slick,6359
slide,6360
slideshow,6361
slight,6362
slightly,6363
sligt,6364
slippery,6365
slipping,6366
sliverhand,6367
slog,6368
slop,6369
slow,6370
slowdowns,6371
slower,6372
slowly,6373
slums,6374
slurs,6375
small,6376
smaller,6377
smart,6378
smarter,6379
smartest,6380
smash,6381
smasher,6382
smashers,6383
smashes,6384
smashing,6385
smell,6386
smg,6387
smile,6388
smiley,6389
smithereens,6390
smoke,6391
smoked,6392
smokes,6393
smoki,6394
smoking,6395
smooth,6396
smoother,6397
smoothly,6398
smoothness,6399
smurf,6400
smurfing,6401
smurfs,6402
snacks,6403
sneak,6404
sneaking,6405
sneakly,6406
sniper,6407
snipers,6408
snitch,6409
snowballs,6410
snti,6411
soak,6412
soaked,6413
sobie,6414
social,6415
socially,6416
sociaux,6417
society,6418
sock,6419
soft,6420
softlock,6421
softlocked,6422
softlocks,6423
software,6424
soigne,6425
soild,6426
sold,6427
soldiers,6428
sole,6429
solely,6430
solicit,6431
solid,6432
solo,6433
solutions,6434
solve,6435
solved,6436
somalia,6437
somber,6438
someday,6439
somedays,6440
somehow,6441
someone,6442
someonw,6443
someother,6444
someplace,6445
something,6446
somethings,6447
sometime,6448
sometimes,6449
somewhat,6450
somewhere,6451
somos,6452
son,6453
song,6454
songbird,6455
songs,6456
sonic,6457
sonora,6458
sonore,6459
sons,6460
sont,6461
soo,6462
soon,6463
sooner,6464
sooo,6465
soooo,6466
soooooo,6467
sooooooooo,6468
sophisticated,6469
sorry,6470
sort,6471
sorti,6472
soul,6473
soulless,6474
soulmate,6475
souls,6476
soulslike,6477
sound,6478
sounding,6479
sounds,6480
soundscape,6481
soundtrack,6482
soundtracks,6483
source,6484
sources,6485
sozinho,6486
space,6487
spaghetti,6488
spam,6489
spare,6490
spark,6491
sparkly,6492
spatial,6493
spawn,6494
spawned,6495
spciale,6496
spcialiste,6497
speak,6498
speakers,6499
speaking,6500
speaks,6501
spealc,6502
spec,6503
special,6504
specialization,6505
specialized,6506
specially,6507
specialy,6508
specific,6509
specifically,6510
specs,6511
spectacle,6512
spectacular,6513
spectacularly,6514
spectated,6515
spectating,6516
spectral,6517
speech,6518
speed,6519
spelar,6520
spell,6521
spend,6522
spended,6523
spending,6524
spent,6525
spice,6526
spiderman,6527
spiders,6528
spiel,6529
spies,6530
spin,6531
spinbot,6532
spinbotted,6533
spinbotter,6534
spinning,6535
spins,6536
spiraling,6537
spirit,6538
splendid,6539
splendour,6540
spoil,6541
spoiled,6542
spoiler,6543
spoilers,6544
spoiling,6545
spoils,6546
spokojny,6547
sponsorship,6548
sport,6549
sporting,6550
sports,6551
spot,6552
spoting,6553
spotted,6554
sprawling,6555
spray,6556
spraying,6557
sprays,6558
spread,6559
spreading,6560
sprijin,6561
spring,6562
spy,6563
squad,6564
square,6565
squared,6566
squeeze,6567
squirrles,6568
squrbo,6569
ssg,6570
st,6571
staa,6572
stability,6573
stabilized,6574
stable,6575
stached,6576
stack,6577
stadia,6578
staff,6579
stage,6580
staged,6581
staggering,6582
stagnate,6583
stairs,6584
stakes,6585
stand,6586
standard,6587
standardowe,6588
standards,6589
standing,6590
standout,6591
stands,6592
stanford,6593
staple,6594
star,6595
starcraft,6596
stare,6597
starfield,6598
staring,6599
stark,6600
stars,6601
start,6602
started,6603
starters,6604
starting,6605
starts,6606
startup,6607
stash,6608
stat,6609
state,6610
statecontrolled,6611
stated,6612
statement,6613
stations,6614
stats,6615
status,6616
statuses,6617
statut,6618
stay,6619
stayed,6620
staying,6621
stays,6622
steady,6623
steal,6624
stealing,6625
steals,6626
stealth,6627
stealthy,6628
steamdeck,6629
steamrolled,6630
steams,6631
steep,6632
stellar,6633
stemmed,6634
step,6635
stepped,6636
stepping,6637
stick,6638
sticking,6639
sticks,6640
stiff,6641
stiffled,6642
still,6643
stim,6644
stima,6645
stinker,6646
stinkiest,6647
stock,6648
stockholm,6649
stolen,6650
stomp,6651
stomped,6652
stood,6653
stool,6654
stop,6655
stopped,6656
stopping,6657
stops,6658
store,6659
stored,6660
storefront,6661
stories,6662
story,6663
storyline,6664
storylines,6665
storytelling,6666
strafe,6667
straight,6668
straightforward,6669
stranger,6670
strangers,6671
strapping,6672
strategic,6673
strategically,6674
strategies,6675
strategize,6676
strategy,6677
strats,6678
streak,6679
streamer,6680
streams,6681
street,6682
streetdeal,6683
streetdeallevei,6684
streetkid,6685
streets,6686
strenght,6687
strength,6688
stress,6689
stressed,6690
stresses,6691
stressful,6692
stretched,6693
strict,6694
strictly,6695
strik,6696
strike,6697
striking,6698
strip,6699
strobing,6700
stroke,6701
strong,6702
stronger,6703
strongest,6704
stronghold,6705
strongly,6706
stronly,6707
structural,6708
structure,6709
structured,6710
struggle,6711
struggleing,6712
struggles,6713
struggling,6714
strut,6715
strzelania,6716
strzelank,6717
stubborn,6718
stuck,6719
studied,6720
studies,6721
studio,6722
study,6723
studying,6724
stuff,6725
stumble,6726
stumbled,6727
stunlock,6728
stunned,6729
stunning,6730
stuns,6731
stupid,6732
stupidd,6733
stupiddddddddd,6734
stupidest,6735
stupidly,6736
stuttering,6737
style,6738
styles,6739
stylized,6740
sua,6741
sub,6742
subgenre,6743
subhumans,6744
submerged,6745
submitted,6746
subscribe,6747
subset,6748
subsribe,6749
substantial,6750
subtick,6751
subtle,6752
subtly,6753
subverts,6754
success,6755
successful,6756
successfully,6757
successor,6758
suchg,6759
suck,6760
sucked,6761
sucker,6762
suckers,6763
sucking,6764
sucks,6765
sudden,6766
suddenly,6767
sue,6768
sued,6769
suffer,6770
suffering,6771
suggest,6772
suggestion,6773
suicidal,6774
suicide,6775
suit,6776
suite,6777
suits,6778
suk,6779
suka,6780
sum,6781
sumerge,6782
summary,6783
summon,6784
summons,6785
sun,6786
sunset,6787
sup,6788
super,6789
superfluous,6790
suporte,6791
supp,6792
supplies,6793
support,6794
supported,6795
supportive,6796
supports,6797
suppose,6798
supposed,6799
supposedly,6800
supremacy,6801
supriced,6802
suprised,6803
suprisingly,6804
sur,6805
surcouche,6806
surdit,6807
sure,6808
surely,6809
surf,6810
surface,6811
surfing,6812
surpass,6813
surprendre,6814
surprise,6815
surprised,6816
surprises,6817
surprising,6818
surprisingly,6819
surrender,6820
surrenders,6821
surrounding,6822
surveillance,6823
survival,6824
survive,6825
surviving,6826
sus,6827
suscit,6828
suspend,6829
suspicion,6830
suspicious,6831
sutch,6832
svmekten,6833
swallow,6834
swap,6835
swarming,6836
swear,6837
sweared,6838
sweat,6839
sweating,6840
sweats,6841
sweden,6842
sweet,6843
swings,6844
switch,6845
switched,6846
switching,6847
swithing,6848
swoop,6849
sword,6850
swordmaster,6851
swords,6852
synapses,6853
sync,6854
syndrome,6855
synergies,6856
synergy,6857
sys,6858
system,6859
systematically,6860
systemic,6861
systems,6862
sytuacj,6863
szczerze,6864
ta,6865
tab,6866
tabbing,6867
table,6868
tabletop,6869
taboo,6870
taco,6871
tact,6872
tactical,6873
tactics,6874
tactique,6875
taft,6876
tagalog,6877
tages,6878
tailor,6879
tak,6880
takamura,6881
take,6882
taken,6883
takeover,6884
takes,6885
takiej,6886
taking,6887
taktykach,6888
tal,6889
tale,6890
talent,6891
talented,6892
tales,6893
talk,6894
talked,6895
talking,6896
talks,6897
tam,6898
tambm,6899
tampered,6900
tangan,6901
tangible,6902
tank,6903
tanky,6904
tap,6905
tapped,6906
taps,6907
target,6908
targeted,6909
targets,6910
tarrrot,6911
task,6912
tasks,6913
taste,6914
tastier,6915
tato,6916
taunting,6917
taxing,6918
tb,6919
tbh,6920
tch,6921
tcl,6922
td,6923
te,6924
teach,6925
teaches,6926
teaching,6927
team,6928
teamate,6929
teamates,6930
teamfights,6931
teamgame,6932
teammate,6933
teammates,6934
teammatesit,6935
teams,6936
teamwork,6937
tear,6938
tearing,6939
tears,6940
tech,6941
technical,6942
technically,6943
technique,6944
techniques,6945
technologies,6946
technology,6947
tedious,6948
teens,6949
tej,6950
teleporting,6951
tell,6952
telling,6953
tells,6954
tem,6955
tema,6956
temp,6957
temperance,6958
temples,6959
temu,6960
ten,6961
tendency,6962
tendi,6963
tends,6964
tener,6965
tens,6966
tense,6967
tension,6968
tentar,6969
tenths,6970
ter,6971
term,6972
terminal,6973
terminals,6974
terms,6975
terrain,6976
terrarium,6977
terrible,6978
terribly,6979
terrifying,6980
terror,6981
terrorism,6982
terroristen,6983
terros,6984
test,6985
tested,6986
testerone,6987
testicular,6988
testing,6989
text,6990
textures,6991
tf,6992
th,6993
thank,6994
thankfully,6995
thanks,6996
thanksthis,6997
thats,6998
theblgle,6999
theme,7000
themes,7001
themself,7002
therapist,7003
therapists,7004
therapy,7005
thereby,7006
therefore,7007
thereits,7008
theres,7009
theyget,7010
theyll,7011
theyre,7012
theyve,7013
thick,7014
thigh,7015
thik,7016
thin,7017
thing,7018
thinge,7019
things,7020
think,7021
thinking,7022
thinks,7023
third,7024
thirdly,7025
thissome,7026
thiz,7027
thjis,7028
thmatiques,7029
tho,7030
thoroughly,7031
thoser,7032
though,7033
thought,7034
thoughts,7035
thousand,7036
thousands,7037
thre,7038
threat,7039
threaten,7040
threats,7041
three,7042
thres,7043
thrill,7044
thriller,7045
thrilling,7046
thrills,7047
throne,7048
throughout,7049
throughs,7050
througyh,7051
throw,7052
throwing,7053
thrown,7054
throws,7055
thru,7056
thumbs,7057
thx,7058
ti,7059
tick,7060
tickrate,7061
tide,7062
tiem,7063
tiempo,7064
tier,7065
tiers,7066
ties,7067
tigga,7068
tight,7069
til,7070
till,7071
tilt,7072
tilted,7073
time,7074
timer,7075
timers,7076
times,7077
timing,7078
timings,7079
timp,7080
timpului,7081
ting,7082
tinkering,7083
tint,7084
tiny,7085
tip,7086
tipo,7087
tipos,7088
tipped,7089
tirando,7090
tired,7091
tiro,7092
tis,7093
title,7094
titled,7095
titles,7096
tively,7097
tlguides,7098
tmoignent,7099
toaster,7100
todas,7101
today,7102
todays,7103
todo,7104
together,7105
toilet,7106
toivo,7107
token,7108
tokens,7109
told,7110
tolol,7111
tomarme,7112
tomava,7113
tomers,7114
tomorrow,7115
ton,7116
tone,7117
tones,7118
tonne,7119
tonnes,7120
tons,7121
took,7122
tool,7123
tools,7124
toooo,7125
top,7126
topo,7127
tor,7128
torso,7129
torture,7130
tortured,7131
total,7132
totally,7133
totalmente,7134
touch,7135
touched,7136
touching,7137
touchy,7138
touffu,7139
tough,7140
toughest,7141
toujours,7142
tournament,7143
tournaments,7144
tous,7145
tout,7146
touted,7147
toutes,7148
touture,7149
toward,7150
towards,7151
tower,7152
towers,7153
town,7154
toxic,7155
toxicity,7156
tq,7157
tr,7158
traca,7159
tracing,7160
track,7161
tracking,7162
trade,7163
trading,7164
tradition,7165
traditional,7166
traffic,7167
trafi,7168
tragedies,7169
tragedy,7170
tragic,7171
trailer,7172
trailers,7173
train,7174
training,7175
trains,7176
trajectory,7177
transformation,7178
transforms,7179
transgenders,7180
transhumanist,7181
transition,7182
transitioned,7183
translation,7184
transmitir,7185
transparency,7186
transported,7187
trap,7188
trapped,7189
trash,7190
trashtalk,7191
trauma,7192
traumatized,7193
travel,7194
traveled,7195
travelling,7196
traversal,7197
tre,7198
treat,7199
treated,7200
tree,7201
trees,7202
trench,7203
trenches,7204
trend,7205
trial,7206
trick,7207
tried,7208
tries,7209
trigger,7210
triggers,7211
trilogy,7212
trip,7213
triple,7214
triss,7215
triste,7216
triumph,7217
troch,7218
troll,7219
trolling,7220
trolls,7221
trophies,7222
trouble,7223
troubled,7224
trough,7225
trouncing,7226
trs,7227
truck,7228
true,7229
truly,7230
trust,7231
trustfactor,7232
trustttttt,7233
truth,7234
trway,7235
try,7236
tryhard,7237
tryhards,7238
trying,7239
ts,7240
ttrpg,7241
tty,7242
tubes,7243
tucked,7244
tuesday,7245
tuf,7246
tuff,7247
tug,7248
tunnel,7249
tunt,7250
turbo,7251
ture,7252
turkish,7253
turks,7254
turn,7255
turnaround,7256
turned,7257
turning,7258
turns,7259
turrent,7260
tutorial,7261
tutorials,7262
tweak,7263
tweaking,7264
tweaks,7265
tweakxl,7266
twice,7267
twists,7268
twitch,7269
two,7270
twoje,7271
ty,7272
tylenol,7273
tylko,7274
type,7275
typers,7276
types,7277
typewriter,7278
typewriters,7279
typical,7280
typically,7281
typing,7282
uber,7283
ubisoft,7284
uela,7285
ugh,7286
ugly,7287
ui,7288
ukraine,7289
ult,7290
ultimate,7291
ultimately,7292
ultimatum,7293
ultra,7294
um,7295
uma,7296
umamusume,7297
umarm,7298
un,7299
una,7300
unable,7301
unarguably,7302
unas,7303
unaware,7304
unbalance,7305
unbalanced,7306
unbearable,7307
unbelievable,7308
unbelievably,7309
unbox,7310
unboxed,7311
unboxing,7312
uncanny,7313
unceremoniously,7314
uncertain,7315
unchanged,7316
unchecked,7317
unclear,7318
uncomfortable,7319
uncompromising,7320
uncontrollable,7321
uncontrolled,7322
uncultured,7323
undeniably,7324
underage,7325
undercooked,7326
underdelivered,7327
undergone,7328
underline,7329
undermine,7330
undermines,7331
underneath,7332
understand,7333
understandable,7334
understanding,7335
understands,7336
understood,7337
underworld,7338
une,7339
unengaging,7340
unfair,7341
unfairly,7342
unfinished,7343
unfold,7344
unforgettable,7345
unforgiving,7346
unfortunate,7347
unfortunately,7348
unfriendly,7349
unh,7350
unhealthy,7351
unholster,7352
unica,7353
unico,7354
uninstall,7355
uninstalled,7356
uninstalling,7357
uninsterested,7358
uninteresting,7359
unintuitive,7360
uniqe,7361
unique,7362
unironically,7363
unisntall,7364
unistall,7365
unistalled,7366
unistalling,7367
units,7368
univers,7369
universal,7370
universe,7371
university,7372
unk,7373
unknown,7374
unless,7375
unlike,7376
unlikely,7377
unlimited,7378
unlock,7379
unlocked,7380
unlocks,7381
unmarked,7382
unmatched,7383
unnecessarily,7384
unnecessary,7385
unnoticed,7386
unoptimized,7387
unparalelled,7388
unplayable,7389
unpolished,7390
unpredictable,7391
unranked,7392
unreal,7393
unrealistic,7394
unreasonable,7395
unregulated,7396
unreliable,7397
unshakable,7398
unskilled,7399
unstable,7400
unsubbing,7401
unsure,7402
unsuspecting,7403
unthinkable,7404
unto,7405
unusual,7406
unwelcome,7407
unwind,7408
upcoming,7409
updage,7410
update,7411
updated,7412
updates,7413
updating,7414
upgrade,7415
upgraded,7416
upgrades,7417
upgrading,7418
uploading,7419
upon,7420
ups,7421
upscaled,7422
upside,7423
upwards,7424
ur,7425
urgency,7426
urging,7427
urself,7428
us,7429
usage,7430
usar,7431
usd,7432
use,7433
used,7434
usedto,7435
useful,7436
useless,7437
user,7438
users,7439
uses,7440
using,7441
uso,7442
usual,7443
usually,7444
utilisation,7445
utility,7446
utilize,7447
utilzie,7448
va,7449
vaas,7450
vac,7451
vaccination,7452
vaclive,7453
vacnet,7454
vai,7455
valarant,7456
valarante,7457
valerie,7458
valid,7459
valley,7460
valo,7461
valorant,7462
value,7463
valve,7464
valves,7465
vanguard,7466
vanilla,7467
varely,7468
variability,7469
varied,7470
variety,7471
various,7472
varit,7473
variteyy,7474
vary,7475
varying,7476
vast,7477
vbad,7478
veeery,7479
vegas,7480
vehicle,7481
vehicles,7482
velice,7483
vender,7484
vending,7485
vengeance,7486
venten,7487
venture,7488
verbal,7489
verbaux,7490
verdict,7491
verification,7492
verry,7493
versing,7494
version,7495
versions,7496
versus,7497
vert,7498
vertical,7499
verticalbut,7500
verzweifeln,7501
veterans,7502
vets,7503
vez,7504
vi,7505
via,7506
viable,7507
vibe,7508
vibecoding,7509
vibes,7510
vibing,7511
vice,7512
vices,7513
vicio,7514
vicious,7515
victim,7516
victor,7517
victories,7518
victory,7519
vida,7520
video,7521
videogame,7522
videojuegos,7523
videos,7524
vido,7525
view,7526
vile,7527
village,7528
villain,7529
violence,7530
violent,7531
violently,7532
virtual,7533
virtually,7534
visceral,7535
visibility,7536
visible,7537
vision,7538
visual,7539
visually,7540
visuals,7541
vitez,7542
vivants,7543
vivo,7544
vivobook,7545
vlastn,7546
vm,7547
vnements,7548
vo,7549
voc,7550
vods,7551
voi,7552
voice,7553
voicebox,7554
void,7555
volatile,7556
voltando,7557
volumetric,7558
voluntar,7559
volvo,7560
vont,7561
vote,7562
voted,7563
vous,7564
voy,7565
vr,7566
vra,7567
vraiment,7568
vram,7569
vs,7570
vter,7571
vv,7572
waaayyy,7573
wait,7574
waited,7575
waiting,7576
waldo,7577
walk,7578
walkable,7579
walked,7580
walking,7581
wall,7582
wallbanging,7583
wallers,7584
wallet,7585
wallhack,7586
wallhacks,7587
walling,7588
wallpaper,7589
walls,7590
walltext,7591
wan,7592
wand,7593
wander,7594
wandered,7595
wandering,7596
wannabes,7597
want,7598
wanted,7599
wanting,7600
wants,7601
war,7602
warcraft,7603
wardafuk,7604
warden,7605
wards,7606
warm,7607
warmed,7608
warning,7609
warped,7610
warping,7611
warrior,7612
warriors,7613
wars,7614
warthunder,7615
warzone,7616
washing,7617
wasnt,7618
waste,7619
wasted,7620
wasteland,7621
waster,7622
wasting,7623
watch,7624
watchdogs,7625
watched,7626
watching,7627
water,7628
waterboarding,7629
waterfront,7630
wave,7631
waves,7632
way,7633
ways,7634
wc,7635
weak,7636
weaker,7637
weakest,7638
weakness,7639
weapon,7640
weaponize,7641
weaponized,7642
weapons,7643
wear,7644
wearing,7645
weather,7646
weaver,7647
weaving,7648
web,7649
webs,7650
websites,7651
weed,7652
week,7653
weekly,7654
weeks,7655
weel,7656
weight,7657
weird,7658
weirdly,7659
welcome,7660
welcomed,7661
welcoming,7662
welcomingly,7663
well,7664
welles,7665
wendy,7666
went,7667
west,7668
westerners,7669
wet,7670
weve,7671
wh,7672
whack,7673
whatever,7674
whats,7675
whatsoever,7676
wheather,7677
wheel,7678
wheeler,7679
wheels,7680
whenever,7681
whereas,7682
whereby,7683
whether,7684
whiff,7685
whiffed,7686
whilst,7687
whirl,7688
whispers,7689
white,7690
whites,7691
whoever,7692
whole,7693
whomever,7694
whoopee,7695
whopping,7696
whos,7697
whose,7698
wi,7699
wiadomo,7700
wicej,7701
wich,7702
wick,7703
wide,7704
wielu,7705
wietny,7706
wif,7707
wife,7708
wifes,7709
wiki,7710
wild,7711
wildly,7712
wildside,7713
wilfully,7714
william,7715
willing,7716
willingness,7717
win,7718
wine,7719
wing,7720
wingman,7721
winim,7722
winning,7723
winrate,7724
wins,7725
wipe,7726
wipes,7727
wiping,7728
wise,7729
wish,7730
wished,7731
wishing,7732
witcher,7733
wither,7734
within,7735
without,7736
witness,7737
witnessed,7738
witnesses,7739
witnessing,7740
wizzy,7741
woao,7742
wolf,7743
wollen,7744
woman,7745
women,7746
wonder,7747
wonderful,7748
wonderfully,7749
wondering,7750
wont,7751
wood,7752
wooden,7753
word,7754
words,7755
work,7756
workable,7757
worked,7758
workers,7759
working,7760
works,7761
workshop,7762
world,7763
worldbuilding,7764
worlds,7765
worried,7766
worry,7767
worrying,7768
worse,7769
worsened,7770
worst,7771
worth,7772
worths,7773
worthwhile,7774
worthy,7775
woul,7776
wouldnt,7777
wouldve,7778
wow,7779
wr,7780
wracam,7781
wreck,7782
wrecked,7783
wrench,7784
write,7785
writing,7786
written,7787
wrong,7788
wrpg,7789
wsppracy,7790
wtaf,7791
wtedy,7792
wtf,7793
wukong,7794
ww,7795
wyjtkowego,7796
xbox,7797
xbx,7798
xd,7799
xitter,7800
xoxo,7801
xp,7802
xt,7803
xtx,7804
ya,7805
yahu,7806
yall,7807
yapping,7808
yasaklanmas,7809
yay,7810
ycie,7811
yea,7812
yeah,7813
year,7814
yearning,7815
years,7816
yeast,7817
yebuchi,7818
yeld,7819
yelling,7820
yellow,7821
yen,7822
yep,7823
yes,7824
yesterday,7825
yesterdays,7826
yet,7827
yeux,7828
yo,7829
yoll,7830
yoruldum,7831
youd,7832
youll,7833
young,7834
youre,7835
youthis,7836
youtube,7837
youtubers,7838
youve,7839
yrs,7840
yt,7841
yust,7842
zaczlimy,7843
zaczo,7844
zagralimy,7845
zaufania,7846
zbyten,7847
zdecydowanie,7848
zero,7849
zesty,7850
zionist,7851
zmieni,7852
zmieniaj,7853
zmnit,7854
zmusza,7855
znacznie,7856
zone,7857
zoo,7858
zoomed,7859
zotac,7860
zu,7861
zwyczajnie,7862
zxc,7863
zz,7864
